heart_rate,body_temp,steps_count,is_anomaly,blood_oxygen,respiration_rate,systolic_bp,diastolic_bp,activity_resting,activity_running,activity_sleeping,activity_stress,activity_walking
50.0,36.1,11,0,90,16,92,75,0,0,0,1,0
50.0,36.9,30,0,99,16,103,62,0,0,0,1,0
55.8,36.8,128,0,92,18,91,70,0,0,0,0,1
50.0,35.7,0,0,96,14,121,84,1,0,0,0,0
54.1,36.1,103,0,97,18,120,69,0,0,0,0,0
50.0,36.9,0,1,97,15,100,75,0,0,1,0,0
54.4,37.2,87,0,99,14,111,67,0,0,0,0,1
60.0,37.5,153,1,99,18,92,68,0,0,0,0,0
50.0,35.6,24,0,98,17,139,74,0,0,0,1,0
62.7,36.2,184,0,97,13,120,80,0,0,0,0,0
50.0,37.1,0,0,90,17,122,62,0,0,1,0,0
50.0,36.4,0,0,92,13,113,63,1,0,0,0,0
57.3,36.4,142,0,97,14,90,89,0,0,0,0,1
59.3,37.0,182,0,92,17,133,72,0,1,0,0,0
52.6,35.9,127,0,96,15,104,71,0,0,0,0,1
68.5,37.2,235,0,98,19,126,80,0,1,0,0,0
50.0,36.9,0,0,99,17,116,68,0,0,1,0,0
61.2,36.7,158,0,97,16,127,84,0,1,0,0,0
50.0,36.0,0,0,98,19,137,73,1,0,0,0,0
55.7,36.6,142,0,91,19,116,78,0,0,0,0,0
50.0,36.8,0,0,88,13,133,66,0,0,1,0,0
61.5,37.0,193,0,97,13,101,75,0,1,0,0,0
52.5,36.3,100,0,92,18,92,81,0,0,0,0,0
62.0,36.5,219,0,88,15,119,79,0,1,0,0,0
50.0,37.7,41,0,93,13,121,64,0,0,0,1,0
50.0,36.6,21,0,99,13,112,89,0,0,0,1,0
63.9,35.7,230,0,97,18,91,69,0,1,0,0,0
56.7,36.7,133,0,97,15,96,77,0,0,0,0,1
50.0,36.4,0,0,94,17,123,70,0,0,1,0,0
50.0,36.5,26,0,88,14,121,66,0,0,0,1,0
58.9,37.4,149,0,97,17,128,73,0,0,0,0,1
59.6,36.0,138,0,91,16,121,79,0,0,0,0,1
50.0,37.6,28,0,96,16,132,77,0,0,0,1,0
50.0,37.1,48,0,88,13,132,70,0,0,0,1,0
50.0,37.3,39,0,96,19,103,81,0,0,0,1,0
50.0,37.1,11,0,95,16,92,86,0,0,0,1,0
50.0,36.8,0,0,92,14,135,71,0,0,1,0,0
50.0,37.1,42,0,93,13,121,77,0,0,0,1,0
53.7,37.0,104,0,94,18,132,85,0,0,0,0,1
50.0,37.3,0,0,91,16,125,61,1,0,0,0,0
50.0,36.7,0,0,93,19,106,82,1,0,0,0,0
50.0,36.5,0,0,94,18,137,60,0,0,1,0,0
52.8,36.0,109,0,98,12,92,82,0,0,0,0,1
52.4,36.3,120,0,93,12,99,69,0,0,0,0,0
63.2,36.6,210,0,98,12,136,80,0,1,0,0,0
50.0,38.1,0,0,99,18,129,60,0,0,1,0,0
50.0,36.6,40,0,93,12,107,65,0,0,0,1,0
67.3,37.1,246,0,89,17,92,66,0,1,0,0,0
50.0,36.5,12,0,92,12,128,76,0,0,0,1,0
55.4,37.1,173,0,90,13,99,68,0,1,0,0,0
50.0,36.7,0,0,94,15,98,66,0,0,1,0,0
50.0,36.1,0,0,91,17,135,76,0,0,1,0,0
55.0,36.4,129,0,88,19,135,62,0,0,0,0,1
50.0,35.9,0,0,99,15,100,75,1,0,0,0,0
50.0,36.6,0,0,99,13,122,64,1,0,0,0,0
60.4,36.4,145,0,93,19,125,79,0,0,0,0,1
50.0,37.9,0,0,93,13,115,77,0,0,1,0,0
50.0,35.8,0,0,94,14,116,60,0,0,1,0,0
50.0,35.7,0,0,98,19,127,63,0,0,1,0,0
64.9,36.9,195,0,95,17,111,82,0,0,0,0,0
50.0,36.3,0,0,90,15,115,70,1,0,0,0,0
50.0,36.9,0,0,93,12,111,79,1,0,0,0,0
50.4,37.6,100,0,97,13,94,68,0,0,0,0,0
50.0,36.4,48,0,89,12,124,89,0,0,0,1,0
60.4,36.0,165,0,96,19,91,67,0,1,0,0,0
50.0,37.6,0,1,89,15,124,67,0,0,1,0,0
58.2,36.4,168,0,90,18,98,64,0,0,0,0,0
58.1,37.2,109,0,99,17,138,71,0,0,0,0,0
50.0,38.3,25,0,97,16,107,60,0,0,0,1,0
50.0,36.7,33,0,99,18,132,74,0,0,0,1,0
56.8,37.5,112,0,99,19,101,84,0,0,0,0,1
58.7,36.1,146,0,89,19,92,77,0,0,0,0,1
57.7,36.4,145,0,96,18,107,65,0,0,0,0,0
62.6,36.3,180,0,88,16,127,69,0,0,0,0,0
50.0,37.5,0,0,92,19,96,73,1,0,0,0,0
68.3,36.2,238,0,88,19,122,80,0,1,0,0,0
66.8,37.5,248,0,92,13,95,85,0,1,0,0,0
52.8,35.8,103,0,95,14,107,88,0,0,0,0,1
50.0,37.1,0,0,95,19,134,67,1,0,0,0,0
50.0,36.1,0,0,98,12,111,86,0,0,1,0,0
54.2,36.6,118,0,95,13,128,62,0,0,0,0,0
52.6,37.1,107,0,89,14,98,81,0,0,0,0,1
57.2,37.3,115,0,95,12,124,81,0,0,0,0,0
59.7,37.8,157,0,99,15,112,85,0,0,0,0,0
50.0,35.7,0,0,92,18,101,78,0,0,1,0,0
56.3,37.6,145,0,88,18,113,71,0,0,0,0,0
50.0,36.5,17,0,94,16,139,71,0,0,0,1,0
65.8,36.8,220,0,93,14,129,74,0,1,0,0,0
50.0,36.3,36,0,92,12,98,87,0,0,0,1,0
50.0,36.6,0,0,88,19,102,66,0,0,1,0,0
50.0,36.4,0,0,88,13,129,86,0,0,1,0,0
57.9,36.7,141,0,93,12,131,63,0,0,0,0,1
50.0,37.4,0,0,97,13,106,80,1,0,0,0,0
54.5,36.6,115,0,99,18,96,68,0,0,0,0,1
50.0,36.5,0,0,94,16,106,81,1,0,0,0,0
50.0,36.4,19,0,97,19,139,75,0,0,0,1,0
50.0,36.6,0,0,97,16,113,85,1,0,0,0,0
61.0,37.2,207,0,88,12,91,72,0,1,0,0,0
53.0,36.0,106,0,96,12,124,63,0,0,0,0,1
50.0,36.3,0,0,91,13,117,83,0,0,1,0,0
54.1,36.6,148,0,92,13,108,68,0,0,0,0,1
52.5,37.0,104,0,89,14,122,85,0,0,0,0,0
58.5,36.8,142,0,99,18,110,80,0,0,0,0,1
50.0,36.2,0,0,97,14,99,77,0,0,1,0,0
50.0,36.8,0,0,95,14,135,74,1,0,0,0,0
60.0,36.5,172,0,89,12,134,74,0,1,0,0,0
50.0,36.5,0,0,90,17,98,65,0,0,1,0,0
50.0,37.0,0,0,99,17,127,70,1,0,0,0,0
50.0,36.8,10,0,96,17,95,87,0,0,0,1,0
50.0,37.7,0,0,89,17,131,67,0,0,1,0,0
50.0,35.4,0,0,93,14,124,88,1,0,0,0,0
57.3,36.4,143,0,99,12,107,80,0,0,0,0,1
56.8,36.1,142,0,91,17,108,76,0,0,0,0,1
66.8,35.7,200,0,94,19,94,83,0,1,0,0,0
50.0,37.3,0,0,93,16,114,84,1,0,0,0,0
59.9,36.6,165,0,97,15,100,76,0,0,0,0,0
50.0,36.6,40,0,96,16,99,83,0,0,0,1,0
50.0,36.7,0,0,96,12,106,85,1,0,0,0,0
60.4,37.1,146,0,97,12,125,87,0,0,0,0,1
50.0,36.6,0,0,91,15,115,77,0,0,1,0,0
50.0,36.1,0,0,88,13,120,63,0,0,1,0,0
50.0,36.0,91,0,89,13,121,88,0,0,0,0,1
50.0,37.7,0,0,95,19,110,74,0,0,1,0,0
50.0,36.7,0,0,97,13,107,61,0,0,1,0,0
50.0,36.8,23,0,95,14,107,61,0,0,0,1,0
61.0,36.7,177,0,89,13,90,69,0,0,0,0,0
50.0,37.1,0,0,91,18,103,62,0,0,1,0,0
64.2,36.2,238,0,88,14,97,89,0,1,0,0,0
50.0,36.2,0,0,94,14,91,67,1,0,0,0,0
53.2,36.4,109,0,91,19,104,79,0,0,0,0,0
56.7,36.7,157,0,98,13,123,66,0,1,0,0,0
58.1,36.3,151,0,95,13,125,71,0,0,0,0,0
57.3,36.7,152,0,96,19,90,85,0,0,0,0,0
54.7,35.9,103,0,99,15,110,78,0,0,0,0,0
52.2,36.8,83,0,96,17,131,85,0,0,0,0,1
50.0,37.2,0,0,90,19,90,87,1,0,0,0,0
54.6,35.8,124,0,92,15,121,89,0,0,0,0,1
60.5,38.0,183,0,93,14,109,74,0,0,0,0,0
58.7,36.8,136,1,93,15,136,73,0,0,0,0,0
50.0,36.2,0,0,97,14,125,75,0,0,1,0,0
61.5,37.2,172,0,95,12,128,88,0,0,0,0,0
62.5,36.4,173,0,93,14,119,86,0,1,0,0,0
50.0,36.9,18,0,93,14,96,73,0,0,0,1,0
57.0,37.0,150,0,91,15,111,62,0,1,0,0,0
50.0,36.6,44,0,94,17,139,77,0,0,0,1,0
50.0,36.8,0,0,95,12,134,88,0,0,1,0,0
50.0,36.4,0,1,90,16,99,87,1,0,0,0,0
50.0,37.7,0,0,94,16,97,81,1,0,0,0,0
58.1,36.1,152,0,90,17,116,65,0,0,0,0,0
61.8,35.9,188,0,95,16,99,76,0,1,0,0,0
53.5,37.3,121,0,88,12,103,82,0,0,0,0,1
54.0,36.3,106,0,88,13,135,87,0,0,0,0,1
58.9,37.2,185,0,93,12,100,73,0,0,0,0,0
62.6,37.1,196,0,97,15,95,73,0,0,0,0,0
50.0,36.6,38,0,96,19,110,79,0,0,0,1,0
50.0,36.2,11,0,99,18,122,72,0,0,0,1,0
62.9,37.4,175,0,91,14,108,86,0,1,0,0,0
50.0,37.2,0,0,93,14,128,87,1,0,0,0,0
55.0,36.5,125,0,99,19,113,62,0,0,0,0,1
50.0,36.0,0,0,92,15,107,72,1,0,0,0,0
58.5,37.0,147,0,99,15,124,88,0,0,0,0,1
60.3,37.5,150,0,88,18,132,83,0,0,0,0,0
68.9,36.2,239,0,93,18,126,61,0,1,0,0,0
50.0,36.6,49,0,96,14,108,68,0,0,0,1,0
61.0,36.4,151,0,99,18,113,72,0,0,0,0,0
50.0,36.6,0,0,90,18,123,67,1,0,0,0,0
50.0,36.7,0,0,98,18,111,75,0,0,1,0,0
50.0,37.1,0,1,90,19,93,83,1,0,0,0,0
50.0,36.6,16,0,89,17,99,88,0,0,0,1,0
50.0,36.1,92,0,91,13,91,62,0,0,0,0,1
56.3,37.8,139,0,97,18,97,72,0,0,0,0,0
59.3,36.4,191,1,90,13,122,63,0,0,0,0,0
50.0,36.5,48,0,99,13,127,77,0,0,0,1,0
61.4,36.8,186,1,89,15,132,61,0,0,0,0,0
60.1,37.2,166,0,88,18,117,79,0,0,0,0,0
50.0,37.3,0,0,90,14,99,81,0,0,1,0,0
63.7,36.8,183,0,97,17,134,80,0,1,0,0,0
50.0,37.2,0,0,93,14,90,74,1,0,0,0,0
57.5,36.2,134,0,96,18,123,76,0,0,0,0,1
50.1,37.0,28,0,98,14,92,88,0,0,0,1,0
53.4,36.9,101,0,92,18,98,69,0,0,0,0,0
50.0,36.1,0,0,90,17,94,60,0,0,1,0,0
50.0,35.9,39,0,92,12,131,65,0,0,0,1,0
55.7,37.0,132,0,92,17,99,62,0,0,0,0,1
52.2,37.2,93,0,92,19,101,78,0,0,0,0,1
50.0,36.7,0,0,99,12,107,66,1,0,0,0,0
66.8,36.1,224,0,99,16,110,72,0,1,0,0,0
50.0,36.8,0,0,94,12,110,72,0,0,1,0,0
50.0,37.7,15,0,92,13,90,76,0,0,0,1,0
64.7,37.1,247,0,94,19,92,60,0,1,0,0,0
50.0,36.6,11,0,96,13,94,73,0,0,0,1,0
50.0,37.1,0,0,92,19,114,88,1,0,0,0,0
56.3,36.4,119,0,89,17,138,85,0,0,0,0,1
50.0,36.0,0,0,92,13,97,62,0,0,1,0,0
54.0,36.7,115,0,95,13,106,73,0,0,0,0,1
50.0,36.1,18,0,99,16,98,83,0,0,0,1,0
59.3,36.7,191,0,91,13,121,60,0,1,0,0,0
50.0,37.6,0,0,89,15,95,75,1,0,0,0,0
65.1,35.8,208,0,97,15,138,69,0,1,0,0,0
55.9,37.3,146,0,90,15,129,72,0,0,0,0,0
61.1,36.9,186,0,96,12,110,63,0,0,0,0,0
50.0,37.0,0,0,96,17,96,68,1,0,0,0,0
64.1,37.4,196,0,95,17,96,73,0,1,0,0,0
62.7,37.2,175,1,95,14,136,63,0,1,0,0,0
65.5,36.9,236,0,95,16,128,69,0,1,0,0,0
66.3,36.6,248,0,95,15,116,67,0,1,0,0,0
63.0,36.1,197,0,95,15,97,82,0,0,0,0,0
59.7,37.4,189,0,88,13,98,62,0,0,0,0,0
50.0,37.4,0,0,93,15,117,82,1,0,0,0,0
50.0,36.9,0,0,99,13,104,66,1,0,0,0,0
62.1,36.7,198,0,96,13,91,69,0,0,0,0,0
50.0,37.2,25,0,95,14,96,62,0,0,0,1,0
54.1,36.4,109,0,90,12,136,61,0,0,0,0,1
50.0,35.9,0,0,98,13,107,74,1,0,0,0,0
57.8,36.9,174,0,88,13,111,68,0,1,0,0,0
50.0,37.1,13,0,89,17,139,74,0,0,0,1,0
50.0,37.0,33,0,98,14,99,76,0,0,0,1,0
62.6,35.9,197,0,89,13,139,89,0,0,0,0,0
50.0,36.8,0,0,94,16,122,66,0,0,1,0,0
50.0,36.9,32,0,99,12,96,79,0,0,0,1,0
60.7,38.0,140,0,93,19,92,77,0,0,0,0,1
50.0,36.9,41,0,98,16,103,74,0,0,0,1,0
50.0,36.8,20,0,89,15,133,77,0,0,0,1,0
54.8,35.9,135,0,95,12,135,83,0,0,0,0,1
59.0,36.7,154,0,96,15,125,82,0,1,0,0,0
50.0,36.6,0,0,94,17,102,71,1,0,0,0,0
55.0,36.4,119,0,91,18,105,82,0,0,0,0,1
60.5,36.8,197,0,88,18,105,80,0,0,0,0,0
64.7,36.9,229,0,91,18,94,89,0,1,0,0,0
50.0,37.0,0,0,91,13,114,85,0,0,1,0,0
52.6,36.9,104,0,95,14,127,67,0,0,0,0,0
50.0,36.4,39,0,91,16,127,89,0,0,0,1,0
50.0,36.9,0,0,91,15,139,61,1,0,0,0,0
50.0,36.5,49,0,89,13,127,61,0,0,0,1,0
70.1,36.6,220,0,99,18,128,64,0,1,0,0,0
59.4,36.8,142,0,97,16,137,60,0,0,0,0,1
51.3,37.1,99,0,94,16,130,81,0,0,0,0,1
52.8,37.0,101,1,91,17,115,63,0,0,0,0,1
50.0,36.5,0,0,98,17,102,65,0,0,1,0,0
50.0,36.8,0,0,93,18,133,82,1,0,0,0,0
50.0,37.3,43,0,90,15,115,72,0,0,0,1,0
50.0,36.5,44,0,94,18,90,78,0,0,0,1,0
50.0,36.7,0,0,93,18,97,70,0,0,1,0,0
54.6,37.3,126,0,90,13,93,72,0,0,0,0,1
50.0,36.6,0,0,91,14,110,67,1,0,0,0,0
50.0,36.1,0,0,97,18,111,66,1,0,0,0,0
53.9,36.1,117,0,92,15,126,72,0,0,0,0,1
50.0,36.1,27,0,96,16,138,60,0,0,0,1,0
50.0,38.0,0,0,93,16,92,65,1,0,0,0,0
50.0,35.9,0,0,91,19,108,66,1,0,0,0,0
50.0,36.4,0,0,98,12,90,75,0,0,1,0,0
66.3,37.2,193,0,98,18,118,89,0,0,0,0,0
50.0,36.9,0,0,94,19,112,86,0,0,1,0,0
50.0,36.3,26,0,89,19,122,74,0,0,0,1,0
50.0,37.7,0,0,91,13,130,79,0,0,1,0,0
52.7,36.5,110,0,92,12,112,89,0,0,0,0,0
55.6,36.6,125,0,91,17,94,61,0,0,0,0,1
50.0,36.5,0,0,91,14,96,85,0,0,1,0,0
55.2,36.8,112,0,98,15,95,84,0,0,0,0,1
63.7,35.7,171,0,96,18,138,82,0,1,0,0,0
56.9,37.0,143,0,98,16,111,75,0,0,0,0,0
56.5,36.2,140,0,89,13,138,76,0,0,0,0,1
50.0,37.4,0,0,93,16,102,83,1,0,0,0,0
56.1,37.5,141,0,95,18,101,74,0,0,0,0,1
58.8,36.8,171,0,95,17,93,62,0,1,0,0,0
50.0,37.2,0,0,98,12,97,63,1,0,0,0,0
57.3,37.6,104,0,94,18,126,71,0,0,0,0,1
50.0,37.2,87,0,97,12,120,64,0,0,0,0,1
50.0,36.0,0,0,98,15,126,76,1,0,0,0,0
63.8,37.3,210,0,91,13,134,65,0,1,0,0,0
50.0,36.5,0,0,94,17,115,69,0,0,1,0,0
50.0,36.9,0,0,97,13,132,81,0,0,1,0,0
63.9,37.2,199,0,93,15,97,77,0,0,0,0,0
50.0,38.2,0,0,98,17,129,86,1,0,0,0,0
54.3,36.1,120,0,93,19,122,69,0,0,0,0,0
50.0,35.9,0,0,89,17,134,65,1,0,0,0,0
61.7,36.0,186,0,95,12,118,83,0,1,0,0,0
50.0,37.4,0,0,95,12,94,65,0,0,1,0,0
50.0,36.8,46,0,98,12,117,79,0,0,0,1,0
60.8,36.3,175,0,94,16,129,74,0,0,0,0,0
50.0,36.3,0,0,98,19,106,63,0,0,1,0,0
50.0,36.3,0,0,96,14,112,84,0,0,1,0,0
50.0,37.0,0,0,95,18,134,75,0,0,1,0,0
50.0,36.0,46,0,96,12,98,81,0,0,0,1,0
50.0,36.9,29,0,96,14,91,83,0,0,0,1,0
50.0,36.9,0,0,93,14,121,67,0,0,1,0,0
57.2,37.1,150,0,89,13,138,66,0,0,0,0,0
50.0,36.7,0,0,99,15,120,78,0,0,1,0,0
50.0,36.8,29,1,94,16,96,85,0,0,0,1,0
53.5,35.9,124,0,90,14,119,76,0,0,0,0,1
53.5,37.0,108,0,94,18,92,80,0,0,0,0,1
50.0,36.3,0,0,96,16,98,72,0,0,1,0,0
50.0,36.7,0,0,97,13,99,74,0,0,1,0,0
50.0,37.7,0,0,97,12,135,85,0,0,1,0,0
50.0,37.1,0,0,89,17,139,85,0,0,1,0,0
50.0,37.6,0,0,93,14,136,61,1,0,0,0,0
50.0,37.0,43,0,93,15,115,87,0,0,0,1,0
60.1,36.9,172,0,96,17,90,69,0,1,0,0,0
50.0,36.8,0,0,96,13,119,72,1,0,0,0,0
50.0,36.2,44,1,92,16,127,77,0,0,0,1,0
56.8,36.7,145,0,92,18,104,89,0,0,0,0,1
50.0,36.6,0,0,96,19,114,82,1,0,0,0,0
54.7,36.7,123,0,95,12,95,70,0,0,0,0,1
50.0,36.1,32,0,94,16,107,72,0,0,0,1,0
55.1,36.6,130,0,95,15,90,78,0,0,0,0,1
60.6,36.9,183,0,93,14,92,88,0,1,0,0,0
55.2,37.7,108,0,90,15,106,83,0,0,0,0,1
50.0,36.8,11,0,94,16,137,84,0,0,0,1,0
55.8,36.2,118,0,95,16,97,89,0,0,0,0,1
50.0,36.7,0,0,95,17,138,88,1,0,0,0,0
62.1,37.4,193,0,88,15,129,83,0,1,0,0,0
50.0,36.7,0,0,94,15,106,81,0,0,1,0,0
50.0,37.0,25,0,90,15,114,64,0,0,0,1,0
56.4,37.3,136,0,89,12,130,62,0,0,0,0,0
50.0,37.0,27,0,89,18,101,78,0,0,0,1,0
50.0,36.9,14,0,95,16,118,82,0,0,0,1,0
50.0,37.0,31,0,96,13,114,72,0,0,0,1,0
50.0,36.5,0,0,90,12,125,64,1,0,0,0,0
51.6,35.9,101,0,90,12,114,71,0,0,0,0,0
63.6,36.8,216,0,93,12,118,73,0,1,0,0,0
50.0,37.0,45,0,98,17,100,65,0,0,0,1,0
62.3,37.5,169,0,97,19,93,89,0,0,0,0,0
50.0,37.3,0,0,88,18,103,81,1,0,0,0,0
50.0,36.6,0,0,93,18,135,68,0,0,1,0,0
67.2,36.0,247,0,99,13,127,76,0,1,0,0,0
50.0,36.0,0,0,90,19,106,67,0,0,1,0,0
50.0,37.0,0,0,98,15,91,85,0,0,1,0,0
54.4,36.2,115,0,91,17,97,72,0,0,0,0,0
69.0,36.4,233,0,96,16,125,88,0,1,0,0,0
60.7,36.0,181,0,90,19,99,64,0,0,0,0,0
50.0,36.8,0,0,88,14,96,88,0,0,1,0,0
50.0,37.2,36,0,90,17,125,81,0,0,0,1,0
60.1,37.4,172,0,94,14,105,81,0,1,0,0,0
50.0,36.7,0,0,94,16,103,76,1,0,0,0,0
50.0,37.5,0,0,98,13,105,62,0,0,1,0,0
50.0,37.6,0,0,92,18,114,87,0,0,1,0,0
50.0,36.3,18,0,88,14,130,65,0,0,0,1,0
50.0,36.9,0,0,98,12,93,73,1,0,0,0,0
62.0,37.1,174,0,95,17,118,74,0,1,0,0,0
52.0,36.8,93,0,97,19,95,73,0,0,0,0,1
58.4,36.2,170,0,95,19,90,70,0,1,0,0,0
60.0,36.5,159,0,97,14,128,70,0,0,0,0,0
65.8,36.8,227,0,99,16,90,68,0,1,0,0,0
54.2,36.2,105,0,97,18,129,65,0,0,0,0,0
50.0,37.5,0,0,97,12,92,74,1,0,0,0,0
50.0,37.3,0,0,89,19,90,71,0,0,1,0,0
50.0,36.4,88,0,97,14,90,88,0,0,0,0,1
50.0,35.8,25,0,90,18,128,65,0,0,0,1,0
50.0,37.5,0,0,91,16,110,60,0,0,1,0,0
50.0,37.4,0,0,88,13,134,84,1,0,0,0,0
50.0,37.6,0,0,91,16,119,75,0,0,1,0,0
65.1,36.2,204,0,92,13,121,79,0,1,0,0,0
60.2,36.4,154,0,90,19,122,74,0,1,0,0,0
59.2,36.9,144,0,98,18,137,61,0,0,0,0,0
50.0,36.0,35,0,97,18,111,76,0,0,0,1,0
59.3,36.3,201,0,89,12,119,62,0,1,0,0,0
62.3,36.0,191,0,93,16,135,62,0,1,0,0,0
55.2,35.9,143,0,95,15,93,64,0,0,0,0,1
53.1,35.9,89,0,94,19,112,76,0,0,0,0,1
50.0,36.5,17,0,98,17,133,82,0,0,0,1,0
50.0,35.9,33,0,88,15,114,88,0,0,0,1,0
59.9,36.6,148,0,91,19,101,76,0,0,0,0,1
56.8,36.6,150,0,90,15,106,79,0,1,0,0,0
52.8,36.7,104,0,93,15,104,65,0,0,0,0,0
50.0,36.0,0,0,96,17,99,60,1,0,0,0,0
62.7,36.2,200,0,96,15,124,66,0,1,0,0,0
58.0,37.3,143,0,94,13,118,85,0,0,0,0,1
50.0,37.1,24,0,99,16,101,74,0,0,0,1,0
66.7,37.4,238,1,96,18,90,66,0,1,0,0,0
59.3,37.0,190,0,95,12,90,78,0,0,0,0,0
51.8,37.4,95,0,92,15,99,79,0,0,0,0,1
50.0,37.6,0,0,96,18,107,81,0,0,1,0,0
50.0,36.4,0,0,94,15,136,89,1,0,0,0,0
50.0,36.1,0,0,92,19,91,70,0,0,1,0,0
63.5,37.1,161,0,95,12,138,82,0,1,0,0,0
50.0,36.4,0,0,94,19,97,73,1,0,0,0,0
50.0,37.0,0,0,96,12,111,72,0,0,1,0,0
50.0,37.3,0,0,97,15,111,79,1,0,0,0,0
50.0,36.4,0,0,88,13,115,85,1,0,0,0,0
50.0,37.0,42,0,96,18,115,86,0,0,0,1,0
50.7,36.3,102,0,94,12,98,84,0,0,0,0,1
61.3,36.8,207,0,88,16,110,68,0,1,0,0,0
50.0,37.0,83,0,88,18,120,68,0,0,0,0,1
50.0,36.9,0,0,92,16,132,75,0,0,1,0,0
55.1,36.4,135,0,95,18,95,71,0,0,0,0,0
53.2,36.1,111,0,96,13,103,69,0,0,0,0,0
50.0,36.0,0,0,99,19,122,65,0,0,1,0,0
56.0,36.1,109,0,93,17,96,77,0,0,0,0,0
62.7,36.9,170,0,99,19,113,61,0,1,0,0,0
50.0,36.3,0,0,97,14,98,86,1,0,0,0,0
50.0,36.4,46,0,99,13,100,79,0,0,0,1,0
57.6,38.0,137,0,95,15,112,68,0,0,0,0,1
63.0,37.5,209,0,93,14,137,78,0,1,0,0,0
55.4,37.5,103,0,98,15,91,65,0,0,0,0,1
62.9,36.7,193,0,93,16,104,61,0,0,0,0,0
50.0,37.4,0,0,91,12,124,74,1,0,0,0,0
50.0,36.8,29,0,98,18,125,76,0,0,0,1,0
67.6,37.0,227,1,92,15,117,75,0,1,0,0,0
50.0,36.9,15,0,89,16,128,87,0,0,0,1,0
50.0,36.7,0,0,90,13,133,80,0,0,1,0,0
52.6,36.4,143,0,90,15,93,67,0,0,0,0,1
50.0,36.0,35,0,99,19,99,69,0,0,0,1,0
57.7,36.7,149,0,98,16,95,69,0,0,0,0,1
55.8,36.8,135,0,92,12,119,77,0,0,0,0,0
52.5,37.1,89,0,92,18,135,69,0,0,0,0,1
58.7,36.4,149,0,93,15,124,68,0,0,0,0,1
56.9,36.8,136,0,92,17,138,87,0,0,0,0,1
56.7,36.5,114,0,99,16,132,83,0,0,0,0,0
59.4,36.8,170,0,93,15,99,78,0,0,0,0,0
50.0,36.7,0,0,95,12,121,60,0,0,1,0,0
50.0,36.3,30,0,89,18,131,63,0,0,0,1,0
50.0,37.0,0,0,91,15,131,83,0,0,1,0,0
51.1,36.8,123,0,93,15,92,62,0,0,0,0,0
50.0,36.4,0,0,99,18,115,69,0,0,1,0,0
50.0,36.3,0,0,92,17,104,71,1,0,0,0,0
50.0,36.7,11,0,88,16,106,77,0,0,0,1,0
64.9,37.6,187,1,96,14,116,82,0,1,0,0,0
50.0,36.2,41,0,90,19,107,79,0,0,0,1,0
55.2,36.8,114,0,89,18,108,65,0,0,0,0,0
50.0,37.2,0,0,96,15,101,80,1,0,0,0,0
50.0,37.6,42,0,94,14,113,61,0,0,0,1,0
55.9,37.7,122,1,92,13,94,69,0,0,0,0,0
50.0,37.4,0,0,99,15,113,61,0,0,1,0,0
50.0,36.4,0,0,93,14,116,89,0,0,1,0,0
58.1,37.3,126,0,99,13,137,68,0,0,0,0,1
50.0,37.0,0,0,98,17,119,86,0,0,1,0,0
50.0,36.9,0,0,91,16,104,69,0,0,1,0,0
50.0,36.1,0,0,88,15,136,61,0,0,1,0,0
65.6,36.3,212,0,91,16,127,67,0,1,0,0,0
50.0,37.3,0,0,96,13,133,83,1,0,0,0,0
58.1,36.3,174,0,88,16,123,76,0,1,0,0,0
50.0,36.9,0,0,97,16,116,76,0,0,1,0,0
50.0,36.8,0,0,90,18,109,88,0,0,1,0,0
61.5,36.7,184,1,92,12,130,63,0,0,0,0,0
69.1,36.8,239,0,94,13,121,77,0,1,0,0,0
50.0,36.8,0,0,96,16,93,71,1,0,0,0,0
50.0,36.1,0,0,93,19,94,76,0,0,1,0,0
50.0,37.7,0,0,90,14,97,68,1,0,0,0,0
54.4,37.3,138,0,94,13,111,88,0,0,0,0,0
50.0,36.1,0,0,91,12,131,78,1,0,0,0,0
58.2,36.8,164,0,90,15,96,73,0,1,0,0,0
50.0,37.7,0,0,94,17,111,73,0,0,1,0,0
50.0,36.9,0,0,98,16,135,89,1,0,0,0,0
55.1,36.9,113,0,98,14,119,76,0,0,0,0,0
59.1,36.6,189,0,94,12,126,61,0,1,0,0,0
50.0,36.2,12,0,91,13,105,67,0,0,0,1,0
50.0,37.1,0,0,99,17,104,64,1,0,0,0,0
55.4,36.9,137,0,94,17,94,86,0,0,0,0,0
50.0,35.8,44,0,98,19,92,66,0,0,0,1,0
57.7,37.0,167,1,89,16,112,81,0,0,0,0,0
50.0,36.5,0,0,88,12,99,88,1,0,0,0,0
50.0,37.1,0,0,99,12,94,75,1,0,0,0,0
50.0,36.3,0,0,89,14,112,75,1,0,0,0,0
56.7,36.7,140,0,91,15,104,76,0,0,0,0,1
50.0,36.1,38,0,95,15,107,81,0,0,0,1,0
50.0,36.6,29,0,90,18,114,86,0,0,0,1,0
50.0,36.2,0,0,97,15,97,66,0,0,1,0,0
57.2,37.1,146,0,93,18,120,79,0,0,0,0,1
53.6,36.9,117,0,93,17,110,67,0,0,0,0,1
51.7,36.7,111,0,96,17,91,67,0,0,0,0,0
61.9,36.6,144,0,96,19,111,82,0,0,0,0,1
59.3,36.9,184,0,91,13,97,70,0,1,0,0,0
50.0,37.2,0,0,96,17,112,74,0,0,1,0,0
63.3,37.9,189,0,93,17,121,77,0,0,0,0,0
50.0,36.5,0,0,89,12,97,65,1,0,0,0,0
61.8,36.0,200,0,97,13,93,81,0,1,0,0,0
54.0,36.7,100,0,98,12,119,71,0,0,0,0,0
50.0,36.4,0,0,93,14,108,74,0,0,1,0,0
50.0,37.1,0,0,89,18,112,87,0,0,1,0,0
59.0,37.5,157,0,95,18,107,82,0,1,0,0,0
58.2,36.8,167,0,91,14,118,65,0,0,0,0,0
62.9,36.4,231,0,92,18,112,77,0,1,0,0,0
50.0,36.6,11,0,95,13,122,83,0,0,0,1,0
50.0,36.7,0,0,98,13,136,79,0,0,1,0,0
50.0,37.1,0,1,95,17,107,68,0,0,1,0,0
50.0,36.8,47,0,99,18,133,67,0,0,0,1,0
50.0,36.1,0,0,99,14,122,73,0,0,1,0,0
50.0,36.8,46,0,93,16,96,78,0,0,0,1,0
50.7,35.7,37,0,91,15,117,78,0,0,0,1,0
50.0,37.1,0,0,88,17,90,67,0,0,1,0,0
54.6,36.2,109,0,99,15,128,61,0,0,0,0,1
56.4,36.2,143,0,94,14,123,84,0,0,0,0,0
50.0,35.8,0,0,95,18,128,63,1,0,0,0,0
50.0,36.4,0,0,96,18,108,65,0,0,1,0,0
50.0,36.2,0,1,89,15,120,62,0,0,1,0,0
50.0,36.5,0,0,88,16,102,62,0,0,1,0,0
56.5,36.3,143,0,91,18,113,78,0,0,0,0,1
58.0,36.8,180,0,92,16,94,70,0,1,0,0,0
50.0,36.7,36,0,97,12,112,88,0,0,0,1,0
50.0,36.5,0,0,99,13,108,69,1,0,0,0,0
50.0,36.7,46,0,88,15,90,71,0,0,0,1,0
50.0,36.1,0,0,92,18,122,73,0,0,1,0,0
50.0,35.9,46,0,93,16,139,89,0,0,0,1,0
50.0,36.0,0,0,90,19,122,89,0,0,1,0,0
50.0,37.2,0,0,99,19,121,87,1,0,0,0,0
53.8,36.5,90,0,94,18,117,77,0,0,0,0,1
66.5,36.4,248,0,93,13,126,83,0,1,0,0,0
50.0,37.0,17,0,91,13,130,68,0,0,0,1,0
50.0,38.0,0,0,90,12,101,74,1,0,0,0,0
50.0,35.9,21,0,92,13,98,83,0,0,0,1,0
50.0,36.9,0,0,90,13,139,85,0,0,1,0,0
62.2,36.5,166,0,97,17,100,62,0,1,0,0,0
50.0,36.8,0,0,96,19,122,82,1,0,0,0,0
50.0,36.5,0,0,96,14,108,70,1,0,0,0,0
63.7,37.1,202,0,93,19,131,69,0,1,0,0,0
57.7,36.8,130,0,98,19,123,77,0,0,0,0,1
59.2,36.8,180,0,93,18,96,63,0,0,0,0,0
54.4,36.7,98,0,99,19,120,87,0,0,0,0,1
50.0,37.9,0,0,91,12,91,72,1,0,0,0,0
50.0,36.8,0,0,91,12,108,89,0,0,1,0,0
58.4,37.4,145,0,89,15,127,88,0,0,0,0,1
57.7,37.4,146,0,97,13,121,65,0,0,0,0,0
50.0,36.6,0,0,91,15,99,86,0,0,1,0,0
50.0,36.5,0,0,95,17,130,80,0,0,1,0,0
50.0,36.9,0,0,97,19,97,72,1,0,0,0,0
50.0,37.2,0,0,89,16,115,84,0,0,1,0,0
50.0,37.2,28,0,96,13,119,85,0,0,0,1,0
50.0,37.6,0,0,88,16,100,79,1,0,0,0,0
65.0,37.0,215,0,89,19,130,64,0,1,0,0,0
61.0,37.2,180,0,89,14,109,79,0,1,0,0,0
50.0,37.1,0,0,98,17,109,73,0,0,1,0,0
50.0,36.6,0,0,93,13,98,72,0,0,1,0,0
52.3,37.4,110,0,94,15,97,73,0,0,0,0,1
50.0,36.0,0,0,90,15,104,67,0,0,1,0,0
50.0,37.1,0,0,98,13,123,75,0,0,1,0,0
58.7,36.2,176,0,96,18,113,72,0,0,0,0,0
50.0,36.7,20,0,92,15,122,83,0,0,0,1,0
50.0,35.8,35,0,92,19,130,74,0,0,0,1,0
50.0,37.2,0,0,98,19,130,78,1,0,0,0,0
50.0,36.2,37,0,99,18,134,60,0,0,0,1,0
50.0,36.6,0,0,91,13,129,81,1,0,0,0,0
50.0,36.8,15,0,96,12,116,61,0,0,0,1,0
61.1,36.3,182,0,95,15,110,77,0,1,0,0,0
55.6,36.9,134,0,99,18,94,78,0,0,0,0,1
58.5,37.2,173,0,91,13,124,67,0,1,0,0,0
53.9,37.3,126,0,91,13,110,62,0,0,0,0,1
50.0,37.8,46,0,89,18,93,82,0,0,0,1,0
50.0,36.5,27,0,96,15,138,85,0,0,0,1,0
53.2,36.6,92,0,90,12,137,73,0,0,0,0,1
50.0,36.9,20,0,91,15,105,85,0,0,0,1,0
62.1,37.0,183,0,94,13,120,68,0,1,0,0,0
50.0,36.2,0,0,97,12,115,88,1,0,0,0,0
50.0,36.5,44,0,95,19,124,67,0,0,0,1,0
64.8,37.7,198,0,95,16,95,76,0,1,0,0,0
50.0,37.1,0,0,91,14,122,82,0,0,1,0,0
50.0,36.4,81,0,94,15,110,82,0,0,0,0,1
61.0,36.6,161,0,97,17,105,83,0,1,0,0,0
59.1,35.4,174,0,88,13,136,75,0,1,0,0,0
62.6,36.6,196,0,93,12,128,69,0,1,0,0,0
50.0,37.5,0,0,93,18,123,80,0,0,1,0,0
62.7,36.6,182,0,93,19,131,69,0,1,0,0,0
67.2,36.1,229,0,99,18,104,84,0,1,0,0,0
50.0,37.0,0,0,89,18,95,84,0,0,1,0,0
56.8,37.0,146,0,95,12,91,83,0,0,0,0,1
55.4,37.5,123,0,92,16,113,65,0,0,0,0,1
50.0,36.6,29,0,92,15,138,81,0,0,0,1,0
50.0,37.1,0,0,89,17,117,76,0,0,1,0,0
54.9,37.7,124,0,91,19,90,88,0,0,0,0,0
50.0,36.9,0,1,99,18,90,75,0,0,1,0,0
50.0,36.5,0,0,96,12,117,74,0,0,1,0,0
50.0,37.2,29,0,96,18,125,81,0,0,0,1,0
60.7,36.7,149,0,93,16,109,73,0,0,0,0,0
50.0,36.4,15,0,98,13,137,63,0,0,0,1,0
50.0,37.3,0,0,96,18,97,63,1,0,0,0,0
50.0,37.8,0,1,91,16,90,89,0,0,1,0,0
61.7,35.9,194,0,98,15,115,61,0,0,0,0,0
50.0,35.9,0,0,88,19,132,88,1,0,0,0,0
50.0,36.9,0,0,89,19,138,70,0,0,1,0,0
58.6,36.3,183,0,88,18,114,89,0,1,0,0,0
50.0,37.5,0,0,95,16,99,63,1,0,0,0,0
50.0,36.6,0,0,96,12,101,80,1,0,0,0,0
50.0,35.9,0,0,97,12,130,88,0,0,1,0,0
56.1,37.0,121,0,99,14,96,87,0,0,0,0,1
56.8,36.6,145,0,93,16,101,80,0,0,0,0,1
60.0,36.5,162,0,89,13,136,75,0,1,0,0,0
50.0,36.7,10,0,93,18,129,80,0,0,0,1,0
54.7,35.2,119,0,96,17,106,63,0,0,0,0,0
50.0,37.7,38,0,99,17,94,60,0,0,0,1,0
50.0,35.8,0,0,90,15,103,89,0,0,1,0,0
50.0,37.5,0,0,96,14,123,85,0,0,1,0,0
68.6,36.9,242,1,89,16,137,83,0,1,0,0,0
55.8,36.3,135,0,98,13,106,78,0,0,0,0,1
56.9,36.3,139,0,92,14,124,61,0,0,0,0,1
50.0,37.2,0,0,98,12,90,68,1,0,0,0,0
62.8,36.5,190,0,89,15,139,82,0,1,0,0,0
50.0,35.0,24,0,94,18,139,84,0,0,0,1,0
50.0,35.4,0,0,98,18,125,72,0,0,1,0,0
50.0,36.8,0,0,97,18,104,77,1,0,0,0,0
50.0,36.8,0,0,96,16,108,75,0,0,1,0,0
56.8,37.2,136,0,94,17,131,75,0,0,0,0,1
61.4,36.2,185,0,99,13,94,84,0,0,0,0,0
50.0,36.2,0,0,92,18,108,69,1,0,0,0,0
58.3,35.8,141,0,91,18,132,68,0,0,0,0,1
57.9,36.4,138,0,99,12,128,70,0,0,0,0,0
57.6,37.4,130,0,91,19,94,84,0,0,0,0,0
53.5,35.8,113,0,97,14,101,85,0,0,0,0,1
56.3,35.6,127,0,95,18,108,88,0,0,0,0,1
58.1,36.6,144,0,97,15,136,85,0,0,0,0,1
51.4,36.5,100,1,97,14,101,63,0,0,0,0,0
56.7,36.5,118,0,97,17,125,69,0,0,0,0,1
51.5,37.0,82,0,97,14,101,62,0,0,0,0,1
50.0,36.1,0,0,97,13,107,65,1,0,0,0,0
67.3,36.2,245,0,88,12,138,62,0,1,0,0,0
58.7,36.5,122,0,92,16,137,86,0,0,0,0,1
50.0,36.7,0,0,89,13,132,68,1,0,0,0,0
50.0,38.2,0,0,98,17,123,62,1,0,0,0,0
50.0,36.9,0,0,96,15,137,77,0,0,1,0,0
50.0,36.5,16,0,94,17,122,67,0,0,0,1,0
50.0,37.3,0,0,97,17,138,81,0,0,1,0,0
62.2,37.7,174,0,95,14,107,67,0,0,0,0,0
50.0,37.0,0,0,93,15,118,74,0,0,1,0,0
62.9,36.6,193,1,96,13,134,72,0,0,0,0,0
50.0,36.4,0,0,93,17,94,66,0,0,1,0,0
50.0,36.9,0,0,94,13,114,78,1,0,0,0,0
50.0,36.9,0,0,94,18,113,67,0,0,1,0,0
50.0,36.7,0,0,96,18,118,69,0,0,1,0,0
50.0,36.0,0,0,98,18,127,76,0,0,1,0,0
50.0,36.9,0,0,95,16,122,60,0,0,1,0,0
50.0,36.3,0,0,88,14,99,72,1,0,0,0,0
53.5,36.9,99,0,91,13,126,88,0,0,0,0,1
63.9,37.4,202,0,94,18,122,85,0,1,0,0,0
57.8,37.3,126,0,98,18,112,72,0,0,0,0,0
70.8,37.1,249,0,95,15,100,83,0,1,0,0,0
63.9,37.5,182,0,94,17,113,75,0,0,0,0,0
50.0,37.0,0,0,99,18,113,88,0,0,1,0,0
50.0,36.9,0,0,90,16,96,68,0,0,1,0,0
50.0,36.5,18,0,91,15,139,69,0,0,0,1,0
50.0,35.9,47,0,99,14,110,65,0,0,0,1,0
61.9,37.5,184,0,94,19,109,64,0,0,0,0,0
53.8,36.7,94,0,95,19,99,61,0,0,0,0,1
50.1,36.7,96,0,94,16,114,70,0,0,0,0,1
50.0,36.7,0,0,93,16,136,68,0,0,1,0,0
50.0,36.4,20,0,96,16,125,65,0,0,0,1,0
50.0,36.3,0,0,96,17,137,67,0,0,1,0,0
66.9,35.8,231,0,98,19,136,68,0,1,0,0,0
54.4,37.3,138,0,94,18,104,68,0,0,0,0,1
50.0,35.9,0,0,95,12,133,67,0,0,1,0,0
50.0,36.7,0,0,93,16,129,71,1,0,0,0,0
50.0,37.3,0,0,88,15,129,85,1,0,0,0,0
60.4,37.0,186,0,88,19,139,67,0,1,0,0,0
56.2,36.4,156,0,93,15,95,62,0,0,0,0,0
60.1,37.1,153,0,89,14,126,72,0,0,0,0,0
50.0,36.4,10,0,95,13,91,78,0,0,0,1,0
61.0,36.2,234,0,88,13,101,61,0,1,0,0,0
50.0,37.0,0,0,89,12,93,76,0,0,1,0,0
50.0,36.2,13,0,95,17,112,75,0,0,0,1,0
56.9,36.7,174,0,99,18,102,63,0,1,0,0,0
62.2,35.9,195,0,93,17,106,77,0,1,0,0,0
62.3,36.1,179,0,99,18,120,73,0,0,0,0,0
50.0,36.0,48,0,97,16,105,89,0,0,0,1,0
50.0,36.9,0,0,89,19,130,61,1,0,0,0,0
63.1,37.1,186,0,89,18,115,72,0,0,0,0,0
64.4,36.2,194,0,98,19,117,86,0,1,0,0,0
50.0,37.1,0,0,94,12,90,86,0,0,1,0,0
65.0,35.7,177,0,92,14,136,80,0,0,0,0,0
50.0,37.0,20,0,92,14,101,79,0,0,0,1,0
56.0,36.4,127,0,95,13,126,76,0,0,0,0,0
50.0,36.4,42,0,99,14,139,74,0,0,0,1,0
59.0,36.3,144,0,99,16,109,84,0,0,0,0,1
60.9,37.6,183,0,94,15,91,89,0,1,0,0,0
61.0,36.2,175,1,99,14,125,79,0,1,0,0,0
56.1,37.0,152,0,96,12,104,64,0,0,0,0,0
50.0,37.2,0,0,91,16,127,66,1,0,0,0,0
50.0,36.9,37,0,97,14,111,77,0,0,0,1,0
50.0,37.3,0,0,91,17,133,83,1,0,0,0,0
53.7,36.8,98,0,89,18,139,70,0,0,0,0,1
50.0,36.7,0,0,90,14,121,77,0,0,1,0,0
61.9,36.6,171,0,88,17,109,86,0,1,0,0,0
61.6,36.4,226,0,88,16,125,85,0,1,0,0,0
63.5,36.8,192,0,94,14,122,64,0,0,0,0,0
50.0,36.8,0,0,92,17,104,72,1,0,0,0,0
57.0,36.6,161,1,90,15,139,87,0,0,0,0,0
61.9,36.3,174,0,94,19,135,77,0,1,0,0,0
50.0,36.8,0,0,89,13,92,61,0,0,1,0,0
50.0,37.0,0,0,90,16,118,79,0,0,1,0,0
50.0,36.2,85,0,88,17,136,63,0,0,0,0,1
50.0,37.0,0,0,95,12,116,72,1,0,0,0,0
50.0,37.4,0,0,89,19,94,83,1,0,0,0,0
50.0,37.4,11,0,94,14,120,88,0,0,0,1,0
56.8,35.8,110,0,98,17,111,75,0,0,0,0,0
50.0,36.8,0,0,96,19,124,65,1,0,0,0,0
58.0,36.5,166,0,93,18,96,85,0,0,0,0,0
53.1,36.0,124,0,89,19,95,67,0,0,0,0,1
52.7,37.3,92,0,89,17,115,75,0,0,0,0,1
64.4,36.6,237,0,96,17,90,72,0,1,0,0,0
50.0,37.4,0,1,97,18,108,82,1,0,0,0,0
54.7,36.9,125,0,95,13,96,88,0,0,0,0,1
57.5,35.9,128,0,96,19,125,85,0,0,0,0,0
62.5,36.4,196,0,91,18,101,63,0,0,0,0,0
50.0,36.8,40,0,91,18,109,61,0,0,0,1,0
50.0,36.7,0,0,89,19,112,68,1,0,0,0,0
50.0,36.6,31,1,97,12,114,77,0,0,0,1,0
50.0,36.2,0,0,88,18,119,76,0,0,1,0,0
67.2,37.3,234,0,97,12,118,67,0,1,0,0,0
60.6,36.8,165,0,91,15,120,85,0,0,0,0,0
50.0,36.4,28,0,97,19,107,74,0,0,0,1,0
50.0,36.6,0,0,97,18,130,68,1,0,0,0,0
61.2,37.0,199,0,98,13,108,76,0,1,0,0,0
56.3,36.4,117,0,95,18,93,82,0,0,0,0,0
50.0,36.8,20,0,89,17,90,61,0,0,0,1,0
50.0,37.7,0,0,99,16,130,65,1,0,0,0,0
50.0,36.7,0,0,98,13,104,88,1,0,0,0,0
57.3,36.0,149,0,95,18,97,86,0,0,0,0,0
50.0,37.8,0,0,88,13,104,64,1,0,0,0,0
55.5,37.7,152,0,88,19,104,76,0,1,0,0,0
52.3,36.5,92,0,91,12,139,61,0,0,0,0,1
52.4,36.9,105,0,94,15,128,77,0,0,0,0,1
50.0,36.6,38,0,96,15,111,69,0,0,0,1,0
54.4,36.8,145,0,92,19,107,69,0,0,0,0,0
65.4,36.6,208,0,89,19,105,65,0,1,0,0,0
50.0,36.8,46,0,99,13,91,86,0,0,0,1,0
57.8,36.8,136,0,94,19,125,71,0,0,0,0,1
58.3,36.5,161,0,98,13,109,76,0,1,0,0,0
54.6,36.3,110,0,89,19,105,86,0,0,0,0,0
50.0,36.1,19,0,96,18,92,72,0,0,0,1,0
50.0,36.5,12,0,96,19,119,79,0,0,0,1,0
52.0,35.8,107,0,90,14,91,87,0,0,0,0,0
50.0,36.5,0,0,95,17,124,75,0,0,1,0,0
61.0,37.4,185,0,98,12,115,69,0,0,0,0,0
60.9,36.1,187,0,91,17,94,86,0,0,0,0,0
50.0,35.7,14,0,90,16,91,80,0,0,0,1,0
50.0,36.6,0,0,88,16,109,61,0,0,1,0,0
50.0,36.7,0,0,92,15,123,61,0,0,1,0,0
61.8,35.8,171,0,98,12,123,82,0,1,0,0,0
59.0,37.3,164,0,91,17,109,66,0,1,0,0,0
58.2,37.0,158,0,88,15,139,65,0,1,0,0,0
50.0,37.8,0,0,97,16,114,60,1,0,0,0,0
59.4,36.5,167,0,95,13,109,71,0,1,0,0,0
50.0,36.9,0,0,95,12,114,72,1,0,0,0,0
51.5,35.4,113,0,95,12,103,71,0,0,0,0,0
63.7,36.3,191,0,90,19,136,78,0,0,0,0,0
50.0,37.2,25,0,93,19,133,68,0,0,0,1,0
50.0,37.4,0,0,99,17,132,69,0,0,1,0,0
59.5,37.6,158,0,99,19,132,76,0,0,0,0,0
69.9,35.8,238,0,94,19,128,77,0,1,0,0,0
55.1,37.1,112,0,96,18,101,67,0,0,0,0,0
50.0,36.4,0,0,92,14,137,66,1,0,0,0,0
66.2,36.9,221,0,96,17,94,68,0,1,0,0,0
50.0,37.1,0,0,93,19,91,69,1,0,0,0,0
53.6,36.8,96,1,97,13,105,71,0,0,0,0,1
50.0,37.3,0,0,97,18,119,74,0,0,1,0,0
57.3,36.5,139,0,97,18,136,74,0,0,0,0,0
67.3,36.7,236,0,91,18,132,87,0,1,0,0,0
50.0,37.1,0,0,88,13,127,63,0,0,1,0,0
59.3,36.3,164,0,88,15,134,63,0,1,0,0,0
50.0,37.0,0,0,97,12,131,82,1,0,0,0,0
50.0,37.1,48,0,92,15,113,60,0,0,0,1,0
66.2,37.5,246,0,90,13,119,85,0,1,0,0,0
50.0,36.6,17,0,92,14,126,71,0,0,0,1,0
64.7,37.0,237,0,92,12,128,84,0,1,0,0,0
50.0,37.0,28,0,88,13,100,61,0,0,0,1,0
54.1,36.8,137,0,95,14,103,74,0,0,0,0,0
62.4,37.0,207,0,92,17,112,76,0,1,0,0,0
50.0,36.6,37,0,92,16,105,66,0,0,0,1,0
62.2,36.9,187,0,96,18,139,65,0,1,0,0,0
51.1,36.7,33,0,95,19,110,71,0,0,0,1,0
50.0,36.7,0,0,88,13,93,78,0,0,1,0,0
50.0,36.9,28,0,90,16,122,60,0,0,0,1,0
67.2,36.4,229,0,99,15,136,87,0,1,0,0,0
50.0,36.5,43,0,94,16,103,80,0,0,0,1,0
54.0,36.6,134,0,88,13,108,85,0,0,0,0,1
50.0,37.0,29,0,88,16,94,73,0,0,0,1,0
62.2,36.5,151,0,92,18,125,63,0,0,0,0,0
50.0,36.9,14,0,96,12,120,64,0,0,0,1,0
65.7,37.0,213,1,93,13,134,60,0,1,0,0,0
50.1,36.8,89,0,97,14,107,60,0,0,0,0,1
63.8,36.6,204,0,89,16,133,80,0,1,0,0,0
50.0,36.7,0,0,98,12,120,65,0,0,1,0,0
52.0,37.1,90,0,96,18,119,64,0,0,0,0,1
66.2,37.5,213,0,93,15,110,61,0,1,0,0,0
50.0,36.4,0,0,92,15,136,84,1,0,0,0,0
56.9,36.5,139,0,92,18,119,80,0,0,0,0,0
64.4,36.9,178,1,99,16,130,86,0,0,0,0,0
60.9,36.3,179,0,90,15,93,86,0,0,0,0,0
50.0,36.4,0,0,93,14,94,64,0,0,1,0,0
53.4,37.2,124,0,91,13,130,85,0,0,0,0,1
55.8,36.8,130,0,99,12,134,68,0,0,0,0,0
51.5,36.2,85,0,97,17,99,78,0,0,0,0,1
50.0,36.7,0,0,89,16,116,80,1,0,0,0,0
50.0,36.4,22,0,90,15,105,74,0,0,0,1,0
50.0,36.2,0,0,96,13,119,72,0,0,1,0,0
50.0,36.6,44,0,98,17,102,71,0,0,0,1,0
58.2,36.9,140,0,98,14,125,64,0,0,0,0,1
62.0,36.9,185,0,96,15,110,61,0,1,0,0,0
50.0,35.8,0,0,93,15,134,86,0,0,1,0,0
54.2,36.8,95,0,97,12,129,63,0,0,0,0,1
58.7,37.6,123,0,97,14,134,86,0,0,0,0,0
50.0,36.8,0,0,96,14,104,86,0,0,1,0,0
50.0,36.7,0,0,91,16,109,77,0,0,1,0,0
50.0,36.4,0,0,98,17,109,80,0,0,1,0,0
53.6,37.2,102,0,92,12,134,69,0,0,0,0,1
51.3,36.6,83,0,97,16,94,72,0,0,0,0,1
50.0,36.7,0,0,93,12,121,71,1,0,0,0,0
61.0,37.3,212,0,96,14,95,61,0,1,0,0,0
50.0,36.9,0,0,92,12,119,85,1,0,0,0,0
61.6,36.5,176,0,95,12,115,74,0,0,0,0,0
65.9,37.5,222,0,98,12,126,73,0,1,0,0,0
56.4,37.2,126,0,88,19,102,84,0,0,0,0,1
59.7,36.5,177,0,92,13,118,69,0,0,0,0,0
50.0,36.9,0,0,97,13,94,81,0,0,1,0,0
52.2,36.4,90,0,88,17,114,67,0,0,0,0,1
64.5,36.6,213,0,97,17,102,84,0,1,0,0,0
50.0,36.4,0,0,93,18,113,74,0,0,1,0,0
56.8,36.6,146,0,94,14,120,72,0,0,0,0,0
50.0,36.9,0,0,99,12,109,67,0,0,1,0,0
62.5,36.7,212,0,92,14,97,80,0,1,0,0,0
63.9,36.1,230,0,88,13,98,80,0,1,0,0,0
50.0,36.5,45,0,93,19,110,81,0,0,0,1,0
55.3,36.8,109,0,97,12,109,73,0,0,0,0,1
58.8,36.4,186,0,92,16,104,60,0,1,0,0,0
50.0,37.0,0,0,93,13,115,72,0,0,1,0,0
57.1,35.5,134,0,98,13,131,86,0,0,0,0,1
50.0,36.2,0,0,97,13,100,67,0,0,1,0,0
50.0,35.8,0,0,94,18,126,77,1,0,0,0,0
50.0,36.0,0,0,94,12,130,81,1,0,0,0,0
50.2,37.1,98,0,89,17,100,89,0,0,0,0,1
50.0,36.8,29,0,99,15,116,89,0,0,0,1,0
50.0,36.1,0,0,90,16,119,68,0,0,1,0,0
60.8,36.8,168,0,99,16,108,72,0,1,0,0,0
50.0,35.2,0,1,93,14,123,62,1,0,0,0,0
50.0,37.5,48,0,90,12,127,77,0,0,0,1,0
50.0,37.3,0,0,89,17,112,69,0,0,1,0,0
50.0,36.8,0,0,91,13,90,64,0,0,1,0,0
50.0,36.3,0,0,92,15,92,86,1,0,0,0,0
59.2,36.8,174,0,98,12,92,84,0,0,0,0,0
57.3,37.9,122,0,97,12,117,65,0,0,0,0,1
50.0,37.2,0,0,96,18,103,89,1,0,0,0,0
55.3,37.5,133,0,90,17,119,67,0,0,0,0,1
54.8,36.3,139,0,90,15,94,83,0,0,0,0,1
50.0,37.1,0,0,93,13,138,66,1,0,0,0,0
58.7,36.9,190,0,92,12,104,80,0,1,0,0,0
56.2,36.4,139,0,93,16,127,77,0,0,0,0,0
55.7,36.7,138,0,94,19,103,73,0,0,0,0,0
50.0,36.5,0,0,98,16,103,74,0,0,1,0,0
50.0,36.8,0,0,90,15,138,69,1,0,0,0,0
60.6,36.7,170,0,92,19,97,85,0,1,0,0,0
50.0,35.9,0,0,95,13,97,80,1,0,0,0,0
50.0,37.2,0,0,91,15,108,71,1,0,0,0,0
50.0,36.8,29,0,97,12,121,66,0,0,0,1,0
50.0,36.8,0,0,89,18,120,87,1,0,0,0,0
50.0,37.0,26,0,91,18,118,87,0,0,0,1,0
55.9,36.1,125,1,89,16,130,66,0,0,0,0,1
50.0,36.7,49,0,90,18,100,70,0,0,0,1,0
50.0,35.1,37,0,91,14,134,72,0,0,0,1,0
50.0,36.8,11,0,91,15,102,74,0,0,0,1,0
60.2,37.2,148,0,97,18,116,77,0,0,0,0,1
50.0,36.4,0,0,96,14,108,66,1,0,0,0,0
50.0,36.6,0,1,97,14,115,65,0,0,1,0,0
50.0,36.6,0,0,93,17,126,82,1,0,0,0,0
50.0,35.7,0,0,96,16,137,70,1,0,0,0,0
55.3,35.9,153,0,91,15,98,67,0,1,0,0,0
53.9,36.9,112,0,96,14,117,79,0,0,0,0,0
50.0,37.4,0,0,98,12,121,60,1,0,0,0,0
54.9,36.7,105,0,96,18,92,67,0,0,0,0,1
50.0,36.8,0,0,93,17,121,67,1,0,0,0,0
59.0,36.2,187,0,92,13,94,78,0,1,0,0,0
64.2,36.3,241,0,90,18,97,62,0,1,0,0,0
50.0,36.2,0,0,92,18,103,64,0,0,1,0,0
50.0,37.2,0,0,90,18,92,89,0,0,1,0,0
56.7,37.1,132,0,92,17,113,62,0,0,0,0,1
50.0,36.4,0,0,92,13,102,74,0,0,1,0,0
56.2,37.1,153,0,89,16,132,73,0,0,0,0,0
50.0,36.8,0,0,96,15,118,80,1,0,0,0,0
50.0,36.2,0,0,94,15,97,74,1,0,0,0,0
53.4,36.2,109,0,93,13,131,83,0,0,0,0,1
63.0,36.7,196,0,92,19,120,76,0,1,0,0,0
66.3,37.5,223,0,91,18,115,77,0,1,0,0,0
60.0,36.4,182,0,95,12,107,61,0,1,0,0,0
50.0,36.3,39,0,89,13,107,71,0,0,0,1,0
50.0,37.0,33,0,95,13,96,75,0,0,0,1,0
50.0,36.2,0,1,88,15,137,63,0,0,1,0,0
53.6,36.8,103,0,97,14,127,84,0,0,0,0,0
57.9,35.7,188,0,88,12,137,61,0,1,0,0,0
50.0,36.8,0,0,90,15,105,87,1,0,0,0,0
50.0,36.2,32,0,92,17,122,73,0,0,0,1,0
57.9,36.4,143,0,93,13,92,70,0,0,0,0,0
50.0,36.9,19,0,91,19,127,72,0,0,0,1,0
50.0,35.4,0,0,94,14,93,87,1,0,0,0,0
58.4,36.9,151,0,94,12,125,84,0,0,0,0,0
50.0,36.0,0,1,89,16,93,66,0,0,1,0,0
59.5,36.9,138,0,89,12,131,69,0,0,0,0,1
64.8,36.8,247,0,89,12,98,83,0,1,0,0,0
61.1,35.5,194,1,89,18,129,60,0,0,0,0,0
50.0,35.9,18,0,96,13,106,88,0,0,0,1,0
63.2,36.8,202,0,92,13,106,80,0,1,0,0,0
50.0,36.4,0,0,98,16,122,84,1,0,0,0,0
55.7,36.3,111,0,95,16,109,87,0,0,0,0,0
62.9,37.1,216,0,92,16,103,63,0,1,0,0,0
57.6,36.6,130,0,98,15,111,77,0,0,0,0,1
50.0,36.0,0,0,92,15,116,65,1,0,0,0,0
50.0,37.0,0,0,88,13,132,61,0,0,1,0,0
56.3,37.0,149,0,93,13,92,62,0,0,0,0,0
63.1,35.9,192,0,91,16,113,73,0,1,0,0,0
54.2,36.8,104,0,90,15,119,67,0,0,0,0,1
64.5,37.2,206,0,93,14,97,75,0,1,0,0,0
50.0,36.1,0,0,89,15,111,78,0,0,1,0,0
55.0,37.0,124,0,95,13,114,77,0,0,0,0,1
50.0,36.7,0,0,88,15,99,65,0,0,1,0,0
50.0,37.0,10,0,99,13,138,73,0,0,0,1,0
50.0,36.5,0,0,96,16,118,62,1,0,0,0,0
66.0,36.4,208,0,95,18,129,75,0,1,0,0,0
50.0,37.1,35,0,88,16,90,60,0,0,0,1,0
62.1,36.6,186,0,97,16,110,71,0,0,0,0,0
65.3,36.2,184,0,99,14,128,89,0,1,0,0,0
50.0,36.4,32,0,96,18,113,73,0,0,0,1,0
50.0,36.1,42,0,89,14,98,78,0,0,0,1,0
60.6,38.0,193,0,90,13,133,81,0,1,0,0,0
50.0,36.0,0,0,89,12,115,78,1,0,0,0,0
52.3,36.7,88,0,95,17,98,68,0,0,0,0,1
50.0,36.6,0,1,89,14,109,66,0,0,1,0,0
50.0,37.6,0,0,97,13,124,73,0,0,1,0,0
57.3,36.0,144,0,89,18,125,64,0,0,0,0,0
50.0,36.4,0,0,88,15,131,77,1,0,0,0,0
50.0,36.8,0,0,94,18,125,68,0,0,1,0,0
50.0,37.2,34,0,99,16,98,80,0,0,0,1,0
50.0,36.8,0,0,89,16,111,66,0,0,1,0,0
62.1,37.0,188,0,97,16,90,68,0,0,0,0,0
65.2,36.4,245,0,92,13,94,63,0,1,0,0,0
50.0,36.7,0,0,92,16,98,84,0,0,1,0,0
58.9,36.1,162,0,90,14,126,76,0,0,0,0,0
63.9,36.1,198,0,90,15,127,71,0,0,0,0,0
50.2,36.2,84,0,99,16,108,65,0,0,0,0,1
53.3,36.9,121,0,90,13,97,77,0,0,0,0,1
50.0,36.8,0,0,93,15,131,67,1,0,0,0,0
59.0,36.3,135,0,91,16,132,80,0,0,0,0,0
51.0,36.3,116,0,90,12,121,74,0,0,0,0,1
50.0,36.9,32,0,89,19,102,62,0,0,0,1,0
61.5,36.8,194,0,90,16,109,61,0,0,0,0,0
50.0,36.5,0,0,91,17,125,83,1,0,0,0,0
50.0,36.6,27,0,93,18,132,82,0,0,0,1,0
63.0,37.3,209,0,91,14,133,68,0,1,0,0,0
62.8,37.1,164,0,95,15,126,67,0,1,0,0,0
50.0,35.9,0,0,90,14,119,86,1,0,0,0,0
50.5,36.1,121,0,99,12,99,63,0,0,0,0,1
54.1,36.9,123,0,90,12,120,61,0,0,0,0,0
50.0,37.0,26,0,90,17,114,73,0,0,0,1,0
59.7,36.8,174,0,95,14,118,88,0,0,0,0,0
58.4,37.8,153,1,91,15,113,61,0,0,0,0,0
50.0,37.2,0,1,88,12,128,61,1,0,0,0,0
50.0,36.3,49,0,89,19,110,89,0,0,0,1,0
56.3,36.6,140,0,97,12,130,86,0,0,0,0,0
50.0,37.6,44,1,89,16,98,87,0,0,0,1,0
50.0,36.9,23,0,90,17,131,81,0,0,0,1,0
50.0,36.9,0,0,93,18,131,66,0,0,1,0,0
50.0,36.9,45,0,95,13,91,71,0,0,0,1,0
50.0,36.2,0,0,99,18,93,65,0,0,1,0,0
50.0,36.7,0,0,88,19,97,77,1,0,0,0,0
50.0,36.8,0,0,96,18,121,63,0,0,1,0,0
55.9,36.8,135,0,88,19,103,78,0,0,0,0,1
58.9,36.4,140,0,97,12,138,86,0,0,0,0,1
50.0,36.9,11,0,89,15,102,72,0,0,0,1,0
67.6,37.1,247,0,90,15,110,79,0,1,0,0,0
51.5,36.7,99,0,94,16,113,80,0,0,0,0,1
63.8,36.7,156,0,96,19,139,82,0,0,0,0,0
60.8,37.0,183,0,90,15,107,89,0,1,0,0,0
50.0,38.1,0,0,95,16,134,84,1,0,0,0,0
55.1,36.7,106,0,96,12,129,86,0,0,0,0,1
50.0,36.2,0,0,97,12,115,61,1,0,0,0,0
50.0,37.3,0,0,94,18,121,67,0,0,1,0,0
50.0,36.5,0,0,91,12,133,78,0,0,1,0,0
52.3,36.4,97,0,91,12,122,68,0,0,0,0,1
61.0,36.7,148,0,91,19,120,85,0,0,0,0,0
55.6,37.3,126,0,93,13,107,87,0,0,0,0,1
50.0,36.8,0,0,91,17,124,63,0,0,1,0,0
50.0,36.3,0,0,92,18,101,75,0,0,1,0,0
64.3,36.3,179,0,96,18,114,78,0,1,0,0,0
50.0,36.7,0,0,99,17,134,69,1,0,0,0,0
56.8,37.2,116,0,94,13,120,65,0,0,0,0,0
55.3,37.2,135,0,95,12,99,75,0,0,0,0,1
64.7,36.9,234,1,92,15,136,69,0,1,0,0,0
50.0,36.7,0,0,92,16,123,72,0,0,1,0,0
50.0,36.1,26,0,98,18,92,68,0,0,0,1,0
64.9,36.7,195,0,94,17,135,66,0,1,0,0,0
50.0,36.8,0,0,98,14,128,63,1,0,0,0,0
64.7,36.4,219,0,99,16,97,78,0,1,0,0,0
50.0,36.3,0,0,95,14,121,85,0,0,1,0,0
50.0,36.1,0,0,96,14,132,63,0,0,1,0,0
52.0,35.8,125,0,89,19,118,78,0,0,0,0,0
57.2,37.1,160,0,90,18,111,87,0,0,0,0,0
50.0,36.9,0,0,99,12,109,78,0,0,1,0,0
64.7,37.0,196,0,99,19,95,71,0,0,0,0,0
57.3,37.4,131,0,89,14,132,89,0,0,0,0,0
50.0,37.6,0,0,97,12,138,72,1,0,0,0,0
50.0,37.0,0,0,94,13,118,84,1,0,0,0,0
64.2,36.4,200,0,99,15,131,63,0,1,0,0,0
58.1,36.3,181,0,89,14,106,84,0,1,0,0,0
61.6,36.6,137,0,99,18,120,87,0,0,0,0,1
50.0,36.0,0,0,89,15,123,69,0,0,1,0,0
50.0,36.3,0,1,89,12,127,80,1,0,0,0,0
50.0,37.4,0,0,99,14,126,66,0,0,1,0,0
57.4,37.1,147,0,91,16,93,89,0,0,0,0,1
56.4,36.4,184,0,88,19,91,64,0,0,0,0,0
55.9,36.8,141,0,89,18,101,76,0,0,0,0,0
50.0,37.2,0,0,90,13,124,77,0,0,1,0,0
50.0,36.3,22,0,94,17,95,70,0,0,0,1,0
63.0,37.3,191,0,97,13,135,74,0,0,0,0,0
59.4,36.7,145,0,88,19,97,80,0,0,0,0,0
50.0,36.3,42,0,93,14,110,81,0,0,0,1,0
50.0,35.8,0,0,90,19,135,66,0,0,1,0,0
69.4,36.9,249,0,90,18,124,77,0,1,0,0,0
50.0,38.7,9,1,91,13,137,85,0,0,1,0,0
50.0,40.1,15,1,91,17,104,84,0,0,0,0,0
50.0,38.5,15,1,94,16,96,65,0,0,0,1,0
50.0,39.9,6,1,90,15,104,77,0,0,0,0,0
50.0,38.0,6,1,95,19,134,75,0,0,0,0,0
50.0,39.2,12,1,95,16,95,61,0,0,0,1,0
50.0,38.9,16,1,98,13,136,78,0,0,0,0,0
50.0,39.4,0,1,94,17,106,60,1,0,0,0,0
50.0,38.3,15,1,89,15,93,84,0,0,1,0,0
50.0,38.9,1,1,92,18,111,89,0,0,0,1,0
50.0,38.0,16,1,93,17,121,85,0,0,0,0,0
50.0,38.2,19,1,99,16,111,70,0,0,0,1,0
50.0,39.6,3,1,97,12,116,79,0,0,0,0,1
50.0,39.5,11,1,91,12,135,64,0,0,0,0,0
50.0,39.7,18,1,97,15,104,75,0,0,0,0,1
50.0,38.6,15,1,92,19,133,82,0,1,0,0,0
50.0,39.3,4,1,96,15,111,60,0,0,0,0,0
50.0,38.7,4,1,98,15,117,78,0,0,0,0,1
50.0,39.6,8,1,94,12,131,73,0,1,0,0,0
50.0,39.5,5,1,89,16,127,62,0,1,0,0,0
50.0,38.9,10,1,98,19,98,61,0,1,0,0,0
50.0,38.8,9,1,88,15,123,83,0,0,0,0,0
50.0,39.4,13,1,89,12,125,64,1,0,0,0,0
50.0,38.9,5,1,90,15,98,76,0,1,0,0,0
50.0,39.9,16,1,98,15,104,87,1,0,0,0,0
50.0,39.1,18,1,89,19,134,77,0,1,0,0,0
50.0,39.7,3,1,98,19,109,60,0,0,0,1,0
50.0,39.7,18,1,90,17,97,74,0,0,0,0,1
50.0,39.4,7,1,97,15,117,81,0,0,0,1,0
50.0,40.0,11,1,98,12,108,68,1,0,0,0,0
50.0,37.6,3,1,98,16,105,86,1,0,0,0,0
50.0,39.2,19,1,99,12,100,82,1,0,0,0,0
50.0,38.9,13,1,99,12,131,64,0,1,0,0,0
50.0,38.4,11,1,96,15,97,87,0,0,0,1,0
50.0,37.6,5,1,91,17,122,72,0,0,0,0,0
50.0,39.0,11,1,99,14,99,78,0,0,0,1,0
50.0,39.1,5,1,96,18,107,87,0,0,0,1,0
50.0,38.6,9,1,98,14,124,87,0,1,0,0,0
50.0,38.3,6,1,90,14,132,83,1,0,0,0,0
50.0,38.6,17,1,99,12,139,69,0,0,0,1,0
50.0,38.5,13,1,88,15,92,79,0,0,1,0,0
50.0,38.6,9,1,98,19,129,84,0,0,1,0,0
50.0,40.0,19,1,92,18,116,80,0,0,0,1,0
50.0,38.9,6,1,97,14,117,73,1,0,0,0,0
50.0,38.7,0,1,97,13,135,81,0,0,0,0,0
50.0,39.5,19,1,89,13,95,80,0,1,0,0,0
50.0,40.2,13,1,91,13,136,85,0,0,0,0,0
50.0,40.3,11,1,89,16,103,71,0,0,0,0,0
50.0,39.1,0,1,89,15,96,70,0,0,0,0,1
50.0,39.7,3,1,90,12,99,82,0,0,0,0,1
50.0,38.2,15,1,92,12,104,66,0,0,0,1,0
50.0,39.7,1,1,91,15,120,76,0,0,0,1,0
50.0,39.6,4,1,89,17,118,77,0,0,0,0,0
50.0,39.0,12,1,98,19,131,66,0,0,0,0,0
50.0,39.1,11,1,97,18,106,83,0,0,0,0,0
50.0,37.9,11,1,89,17,118,79,0,0,1,0,0
50.0,39.3,4,1,93,19,138,65,0,0,0,0,1
50.0,39.5,11,1,94,16,133,70,0,0,0,0,1
50.0,39.5,14,1,99,15,104,71,0,0,1,0,0
50.0,39.4,4,1,97,17,115,85,0,1,0,0,0
50.0,38.3,17,1,93,18,101,75,0,0,0,0,0
50.0,39.2,6,1,94,16,114,78,0,0,0,1,0
50.0,38.2,15,1,88,14,130,82,1,0,0,0,0
50.0,39.7,5,1,93,14,94,86,0,1,0,0,0
50.0,39.4,4,1,98,16,93,78,0,0,0,1,0
50.0,38.1,15,1,90,19,133,70,0,0,0,1,0
50.0,38.7,15,1,88,15,137,75,0,0,0,0,0
50.0,39.3,15,1,95,14,130,82,0,0,0,0,1
50.0,39.0,4,1,91,15,120,87,0,0,1,0,0
50.0,38.6,8,1,97,17,92,86,0,0,0,1,0
50.0,39.9,2,1,95,14,92,71,0,0,0,1,0
50.0,40.0,13,1,97,18,115,86,0,0,0,1,0
50.0,38.6,13,1,98,18,139,67,0,0,1,0,0
50.0,37.0,3,1,91,17,106,62,0,0,0,0,0
50.0,39.4,4,1,91,18,99,61,0,0,0,0,0
50.0,38.1,10,1,99,15,91,87,0,0,0,0,0
50.0,38.9,18,1,97,19,113,65,0,1,0,0,0
50.0,39.1,9,1,91,15,100,75,0,0,0,1,0
50.0,38.3,1,1,93,19,113,79,0,0,1,0,0
50.0,37.8,2,1,96,18,124,83,0,0,1,0,0
50.0,39.3,1,1,92,13,112,88,0,0,0,0,1
50.0,39.5,3,1,99,16,121,74,0,0,0,0,0
50.0,38.4,15,1,97,19,112,73,0,0,1,0,0
50.0,38.3,1,1,95,12,123,61,0,0,1,0,0
50.0,38.7,15,1,95,16,130,79,0,0,0,1,0
50.0,38.3,13,1,91,18,108,77,1,0,0,0,0
50.0,39.2,5,1,98,15,91,73,0,1,0,0,0
50.0,38.2,3,1,97,19,91,77,1,0,0,0,0
50.0,39.1,1,1,96,15,104,61,1,0,0,0,0
50.0,37.2,7,1,96,16,110,60,0,0,0,0,1
50.0,38.9,7,1,92,19,124,79,0,1,0,0,0
50.0,38.7,1,1,93,15,94,61,0,0,1,0,0
50.0,37.5,14,1,92,17,132,68,0,0,0,1,0
50.0,38.6,11,1,90,14,116,68,1,0,0,0,0
50.0,38.6,17,1,98,15,113,75,0,0,1,0,0
50.0,39.2,16,1,95,19,96,70,1,0,0,0,0
50.0,39.7,19,1,96,18,95,86,0,0,1,0,0
50.0,38.8,15,1,91,18,135,82,0,0,1,0,0
50.0,38.8,12,1,96,16,122,65,0,0,1,0,0
50.0,37.7,12,1,96,16,138,71,0,1,0,0,0
50.0,38.7,19,1,94,16,106,62,1,0,0,0,0
50.0,38.5,11,1,95,18,135,89,1,0,0,0,0
50.0,38.7,1,1,90,13,131,71,1,0,0,0,0
50.0,38.3,9,1,92,19,119,89,1,0,0,0,0
50.0,40.3,18,1,90,18,97,82,0,0,0,1,0
50.0,38.8,0,1,94,17,129,60,0,0,0,1,0
50.0,39.9,16,1,93,18,135,68,0,0,1,0,0
50.0,39.5,4,1,98,17,96,79,0,0,0,0,1
50.0,38.8,7,1,90,18,95,81,0,0,0,0,0
50.0,38.1,18,1,96,18,93,65,0,0,0,1,0
50.0,38.9,16,1,99,13,90,70,0,0,0,0,0
50.0,39.7,11,1,88,17,104,62,0,1,0,0,0
50.0,39.0,15,1,97,13,120,63,0,0,0,0,1
50.0,39.1,19,1,90,17,114,88,0,1,0,0,0
50.0,39.2,5,1,98,13,136,86,0,0,0,0,0
50.0,38.2,18,1,97,13,122,69,0,0,0,0,0
50.0,39.9,2,1,98,17,124,78,0,1,0,0,0
50.0,39.2,2,1,94,13,94,88,0,1,0,0,0
50.0,37.8,19,1,90,18,94,65,0,0,0,0,1
50.0,39.1,15,1,90,17,125,60,0,0,0,0,1
50.0,39.6,8,1,89,13,106,67,0,0,0,0,1
50.0,37.7,1,1,96,18,103,67,0,0,1,0,0
50.0,39.5,9,1,98,18,118,84,0,0,1,0,0
50.0,40.3,19,1,91,16,97,65,0,0,0,0,0
50.0,39.0,3,1,97,12,123,76,0,0,0,0,1
50.0,38.7,4,1,93,17,129,78,0,1,0,0,0
50.0,39.2,16,1,89,13,90,60,0,1,0,0,0
50.0,37.7,7,1,96,16,118,74,0,0,0,1,0
50.0,38.6,4,1,94,12,125,72,0,1,0,0,0
50.0,38.8,18,1,97,19,126,80,0,0,0,0,0
50.0,39.2,16,1,92,19,118,62,0,0,0,0,1
50.0,39.2,8,1,94,13,94,89,0,0,0,0,1
50.0,39.2,18,1,91,19,121,61,1,0,0,0,0
50.0,40.0,16,1,97,12,113,62,0,0,0,1,0
50.0,39.1,17,1,94,17,108,68,0,0,0,0,1
50.0,40.5,6,1,89,18,101,86,0,0,0,0,1
50.0,38.8,1,1,94,18,90,75,0,0,1,0,0
50.0,37.9,17,1,91,12,96,83,0,0,0,1,0
50.0,39.7,13,1,91,19,106,72,0,1,0,0,0
50.0,38.8,2,1,88,18,123,78,0,0,1,0,0
50.0,40.4,6,1,99,19,132,86,0,0,0,1,0
50.0,39.1,11,1,90,14,96,77,0,0,0,0,1
50.0,38.6,15,1,92,15,106,80,0,0,1,0,0
50.0,38.5,5,1,92,18,92,71,0,0,0,0,1
50.0,38.8,6,1,89,14,118,87,0,1,0,0,0
50.0,39.2,9,1,91,17,111,88,0,0,0,0,1
50.0,38.6,11,1,88,17,127,71,0,0,0,0,1
50.0,38.3,1,1,96,12,132,60,0,0,0,0,1
50.0,39.2,3,1,88,18,118,79,0,0,0,1,0
50.0,39.0,8,1,93,19,139,67,0,0,1,0,0
50.0,38.9,1,1,94,18,139,76,0,0,0,0,1
50.0,37.3,5,1,90,19,131,80,0,0,0,0,1
50.0,39.4,13,1,99,19,94,87,0,0,0,0,0
50.0,38.7,4,1,88,18,119,79,1,0,0,0,0
50.0,39.1,18,1,94,19,112,81,1,0,0,0,0
50.0,39.3,11,1,90,16,110,66,0,0,0,1,0
50.0,39.4,9,1,97,13,115,68,0,0,0,1,0
50.8,38.8,16,1,99,15,136,76,0,0,0,0,1
50.0,39.6,8,1,99,18,110,86,1,0,0,0,0
50.0,39.7,5,1,93,13,109,69,1,0,0,0,0
50.0,38.2,11,1,99,16,112,63,0,0,0,0,0
50.0,38.4,12,1,93,19,93,81,1,0,0,0,0
50.0,38.7,16,1,99,19,110,85,0,1,0,0,0
50.0,39.7,16,1,91,17,110,66,0,0,0,1,0
50.0,37.8,10,1,99,15,90,66,1,0,0,0,0
50.0,38.4,14,1,98,14,104,67,0,0,0,0,1
50.0,38.7,4,1,93,17,106,89,0,0,0,0,0
50.0,37.7,6,1,98,17,103,85,0,1,0,0,0
50.0,39.8,9,1,97,19,108,83,0,1,0,0,0
50.0,40.1,7,1,91,12,139,83,0,0,0,0,0
50.0,39.1,6,1,95,16,123,67,0,1,0,0,0
50.0,37.8,9,1,96,12,95,75,1,0,0,0,0
50.0,38.5,10,1,89,12,134,71,0,0,1,0,0
50.0,39.0,1,1,94,13,138,74,0,0,0,1,0
50.0,39.2,1,1,96,17,95,67,1,0,0,0,0
50.0,38.4,11,1,96,19,94,81,0,0,0,1,0
50.0,38.6,5,1,99,16,96,68,1,0,0,0,0
50.0,39.2,19,1,92,12,122,62,0,0,0,0,1
50.0,39.7,4,1,88,19,102,81,1,0,0,0,0
50.0,39.3,0,1,93,19,90,80,0,0,0,0,0
50.0,38.6,5,1,95,19,102,75,0,1,0,0,0
50.0,39.0,4,1,88,14,132,74,0,0,0,0,0
50.0,38.7,11,1,89,15,116,83,1,0,0,0,0
50.0,37.9,0,1,88,19,96,63,0,0,0,0,0
50.0,37.3,4,1,92,18,92,79,0,0,1,0,0
50.0,40.4,6,1,89,16,114,88,0,0,0,1,0
50.0,38.0,12,1,97,13,122,75,0,0,0,0,0
50.0,39.7,9,1,97,16,129,69,1,0,0,0,0
50.0,39.4,1,1,91,17,106,70,1,0,0,0,0
50.0,38.9,15,1,88,13,134,85,0,0,0,0,0
50.0,38.8,2,1,94,15,103,88,1,0,0,0,0
50.0,38.1,19,1,95,19,126,64,0,0,1,0,0
50.0,39.8,6,1,92,14,112,70,0,0,0,0,0
50.0,39.7,1,1,89,12,113,88,0,0,0,0,1
50.0,39.5,2,1,95,16,118,72,0,0,0,0,0
50.0,39.3,6,1,88,13,127,74,0,0,0,1,0
50.0,39.4,18,1,94,19,116,65,0,1,0,0,0
50.0,40.0,11,1,88,15,127,75,0,0,0,1,0
50.0,38.9,5,1,99,12,129,74,0,1,0,0,0
50.0,39.8,11,1,93,18,134,70,1,0,0,0,0
50.0,38.9,15,1,93,15,139,79,0,0,1,0,0
50.0,39.4,9,1,92,14,112,61,1,0,0,0,0
50.0,39.4,5,1,89,12,120,87,0,0,0,0,1
50.0,39.5,4,1,89,12,125,87,0,0,0,0,0
50.0,39.7,12,1,96,18,106,89,1,0,0,0,0
50.0,39.2,10,1,92,19,126,61,0,0,0,0,0
50.0,39.7,5,1,92,12,92,71,0,0,0,0,0
50.0,39.4,7,1,94,13,125,75,1,0,0,0,0
50.0,38.1,7,1,93,12,94,78,0,0,1,0,0
50.0,39.2,19,1,89,15,135,61,0,0,0,0,1
50.0,40.1,15,1,98,13,104,76,0,0,0,0,1
50.0,39.9,9,1,88,12,138,73,0,1,0,0,0
50.0,38.8,4,1,92,15,95,83,0,0,0,0,1
50.0,39.2,8,1,91,15,99,87,0,0,1,0,0
50.0,39.9,0,1,99,16,121,75,0,1,0,0,0
50.0,39.2,12,1,90,15,112,64,0,1,0,0,0
50.0,39.5,7,1,89,18,137,69,0,0,0,1,0
50.0,40.0,4,1,97,17,106,76,0,0,0,0,0
50.0,38.2,13,1,89,14,135,72,1,0,0,0,0
50.0,39.7,8,1,91,12,109,75,1,0,0,0,0
50.0,39.1,19,1,89,18,133,68,0,0,0,0,0
50.0,39.3,2,1,91,12,130,83,0,0,1,0,0
50.0,39.8,17,1,90,12,104,63,0,0,0,1,0
50.0,38.5,11,1,96,15,133,83,0,1,0,0,0
50.0,39.5,19,1,94,15,135,88,0,1,0,0,0
50.0,39.0,16,1,98,12,111,87,0,1,0,0,0
50.0,39.1,14,1,99,17,139,88,0,0,0,0,0
50.0,38.7,10,1,90,13,95,85,0,0,1,0,0
50.0,38.7,12,1,95,13,93,75,0,1,0,0,0
50.0,39.1,9,1,96,14,112,82,0,0,0,0,1
50.0,39.6,15,1,94,16,133,86,1,0,0,0,0
50.0,39.0,14,1,93,19,134,70,0,0,1,0,0
50.0,40.0,18,1,91,18,108,66,0,0,1,0,0
50.0,39.4,4,1,92,14,134,76,0,0,0,1,0
50.0,38.3,6,1,95,19,120,81,0,1,0,0,0
50.0,38.1,11,1,90,12,133,72,0,0,1,0,0
50.0,39.5,6,1,89,18,92,63,0,0,0,0,0
50.0,39.2,17,1,90,12,117,73,0,0,1,0,0
50.0,39.1,2,1,99,12,92,69,1,0,0,0,0
50.0,38.0,15,1,94,16,103,69,0,0,0,0,0
50.0,38.7,10,1,95,15,107,69,0,0,0,0,1
50.0,39.2,3,1,88,16,116,86,0,0,0,1,0
50.0,39.9,1,1,94,14,99,71,0,0,0,1,0
50.0,38.1,11,1,96,15,138,61,0,0,1,0,0
50.0,39.7,18,1,99,15,104,85,1,0,0,0,0
50.0,38.9,16,1,90,14,108,82,0,0,0,0,0
50.0,39.8,0,1,90,15,98,68,0,1,0,0,0
50.0,39.8,6,1,95,18,93,88,0,0,0,1,0
50.0,38.8,8,1,91,13,104,64,1,0,0,0,0
50.0,39.4,4,1,95,14,137,67,0,1,0,0,0
50.0,38.6,13,1,92,19,97,80,1,0,0,0,0
50.0,36.9,2,1,90,14,138,73,0,1,0,0,0
50.0,38.9,10,1,91,13,90,66,0,0,0,0,1
50.0,38.4,12,1,91,16,96,66,0,0,1,0,0
50.0,38.7,17,1,95,16,120,68,0,0,0,1,0
50.0,40.6,17,1,93,16,107,62,1,0,0,0,0
50.0,39.7,14,1,94,15,101,73,0,0,0,1,0
50.0,38.5,17,1,96,13,137,76,0,1,0,0,0
50.0,38.6,13,1,93,18,119,77,0,0,0,1,0
50.0,39.5,17,1,90,14,122,71,0,0,0,0,1
50.0,39.6,5,1,90,14,136,81,0,0,0,0,0
50.0,38.6,13,1,98,14,96,73,0,0,0,0,1
50.0,38.9,1,1,90,15,117,85,0,0,0,0,1
50.0,38.9,4,1,99,15,138,85,1,0,0,0,0
50.0,38.6,17,1,97,17,92,87,0,0,0,0,0
50.0,38.4,8,1,89,18,132,72,1,0,0,0,0
50.0,39.0,18,1,88,16,95,73,0,1,0,0,0
50.0,39.1,2,1,98,19,120,68,1,0,0,0,0
50.0,38.8,8,1,97,17,127,78,0,1,0,0,0
50.0,38.9,12,1,88,17,104,85,1,0,0,0,0
50.0,39.1,10,1,91,15,96,61,0,0,0,0,0
50.0,38.6,4,1,90,16,132,70,0,0,1,0,0
50.0,37.8,2,1,92,16,119,76,1,0,0,0,0
50.0,39.5,5,1,99,14,116,61,0,0,1,0,0
50.0,38.8,1,1,96,15,106,78,0,0,0,0,0
50.0,39.7,17,1,99,16,107,66,0,1,0,0,0
50.0,38.8,17,1,95,19,111,77,0,1,0,0,0
50.0,39.3,14,1,99,17,115,72,0,1,0,0,0
50.0,40.0,7,1,96,13,116,64,0,0,1,0,0
50.0,38.6,7,1,92,13,129,77,0,0,0,0,1
50.0,39.8,9,1,95,15,113,82,0,0,0,0,1
50.0,37.0,8,1,91,14,97,85,0,0,0,1,0
50.0,38.7,15,1,92,14,110,83,0,0,0,0,1
50.0,39.4,11,1,99,16,118,83,0,0,0,0,1
50.0,38.5,16,1,90,19,132,88,0,0,1,0,0
50.0,38.9,14,1,92,18,110,75,1,0,0,0,0
50.0,38.5,17,1,99,15,92,74,0,0,0,0,1
50.0,37.0,15,1,90,18,120,67,0,0,0,0,0
50.0,37.6,5,1,92,13,116,85,0,0,0,1,0
50.0,37.0,5,1,98,17,135,74,0,0,0,1,0
50.0,39.6,16,1,92,16,116,84,0,0,0,0,1
50.0,40.0,5,1,93,17,98,60,1,0,0,0,0
50.0,39.0,2,1,96,18,122,87,1,0,0,0,0
50.0,39.4,15,1,88,16,122,76,0,0,0,0,0
50.0,39.2,8,1,99,12,115,89,0,0,1,0,0
50.0,38.4,8,1,97,17,117,74,0,0,0,0,0
50.0,38.8,5,1,93,15,133,73,1,0,0,0,0
50.0,38.9,16,1,88,17,132,73,0,1,0,0,0
50.0,37.8,11,1,93,17,120,69,0,0,0,0,0
50.0,38.6,10,1,89,16,90,61,1,0,0,0,0
50.0,39.3,17,1,95,13,109,86,1,0,0,0,0
50.0,39.0,4,1,98,18,101,65,0,1,0,0,0
50.0,39.1,13,1,90,12,106,89,1,0,0,0,0
50.0,39.0,14,1,97,17,104,76,0,0,0,1,0
50.0,38.9,1,1,93,19,123,64,0,0,0,1,0
50.0,39.2,1,1,93,18,139,64,0,0,0,0,0
50.0,39.2,13,1,91,19,105,74,0,0,0,0,1
50.0,39.0,0,1,92,18,93,74,0,1,0,0,0
50.0,39.6,5,1,89,19,97,79,0,0,0,0,0
50.0,39.2,0,1,97,13,123,70,0,0,0,1,0
50.0,38.9,11,1,97,14,135,64,0,0,0,0,0
50.0,39.4,12,1,95,12,114,87,0,0,0,1,0
50.0,39.3,13,1,97,12,104,60,0,0,1,0,0
50.0,39.4,4,1,94,19,117,70,0,0,0,1,0
50.0,39.1,0,1,97,19,98,70,0,0,0,0,1
50.0,38.2,13,1,93,19,91,65,0,0,0,0,1
50.0,39.5,6,1,94,18,106,82,0,0,0,0,1
50.0,39.1,4,1,99,16,99,67,0,0,1,0,0
50.0,39.2,5,1,88,17,98,61,0,0,0,1,0
50.0,39.4,1,1,92,14,120,74,0,0,0,0,0
50.0,38.2,0,1,94,19,91,82,0,0,1,0,0
50.0,39.0,4,1,88,16,113,81,0,0,0,0,0
50.0,38.5,2,1,89,15,108,68,0,0,0,1,0
50.0,39.1,6,1,96,13,106,74,1,0,0,0,0
50.0,39.2,19,1,99,13,132,67,0,0,1,0,0
50.0,38.4,7,1,90,16,138,89,0,1,0,0,0
50.0,39.1,15,1,93,18,99,75,0,1,0,0,0
50.0,38.2,11,1,94,13,139,86,0,0,1,0,0
50.0,38.9,11,1,96,17,117,73,1,0,0,0,0
50.0,39.1,17,1,92,13,127,74,1,0,0,0,0
50.0,38.0,17,1,91,17,137,79,0,0,1,0,0
50.0,39.9,4,1,98,15,117,89,0,0,1,0,0
50.0,39.5,16,1,99,19,139,72,0,0,0,1,0
50.0,39.3,3,1,89,14,139,68,0,1,0,0,0
50.0,38.9,17,1,90,12,90,60,0,1,0,0,0
50.0,38.3,13,1,92,16,92,86,0,0,0,1,0
50.0,39.5,13,1,98,16,104,65,0,0,1,0,0
50.0,39.0,18,1,89,17,99,67,0,0,1,0,0
50.0,39.8,13,1,91,15,110,86,1,0,0,0,0
50.0,38.6,7,1,88,15,126,86,1,0,0,0,0
50.0,38.9,16,1,91,18,104,79,0,0,0,0,1
50.0,37.5,5,1,94,12,112,77,1,0,0,0,0
50.0,37.5,3,1,99,19,103,86,0,0,1,0,0
50.0,38.9,10,1,90,14,104,77,1,0,0,0,0
50.0,37.7,15,1,97,16,99,85,1,0,0,0,0
50.0,38.7,2,1,95,17,98,76,0,1,0,0,0
50.0,37.6,16,1,93,15,133,80,0,0,0,0,1
50.0,39.5,10,1,93,19,128,75,0,0,0,1,0
50.0,38.4,19,1,88,16,94,72,0,0,0,0,0
50.0,38.4,8,1,92,17,114,81,0,0,0,1,0
50.0,39.0,6,1,90,13,131,63,0,1,0,0,0
50.0,37.9,0,1,97,19,115,63,0,0,1,0,0
50.0,39.1,12,1,88,16,97,80,1,0,0,0,0
50.0,39.6,13,1,95,14,111,73,1,0,0,0,0
50.0,39.3,9,1,94,19,114,64,0,0,1,0,0
50.0,38.7,7,1,94,17,137,75,0,0,0,0,1
50.0,39.0,19,1,99,14,101,73,0,0,0,0,1
50.0,39.2,17,1,97,16,98,89,0,0,0,1,0
50.0,36.9,7,1,97,13,99,73,0,0,0,0,0
50.0,38.7,9,1,97,14,137,73,0,1,0,0,0
50.0,38.8,10,1,91,15,99,84,0,0,1,0,0
50.0,38.9,6,1,98,17,98,83,0,0,0,0,1
50.0,38.4,10,1,93,16,115,84,1,0,0,0,0
50.0,38.7,14,1,96,13,124,88,0,1,0,0,0
50.0,38.9,17,1,90,15,116,73,0,0,0,0,0
50.0,38.4,18,1,96,16,120,78,0,0,0,0,0
50.0,38.6,17,1,91,19,108,89,1,0,0,0,0
50.0,39.3,2,1,92,18,132,62,1,0,0,0,0
50.0,39.4,2,1,94,13,127,76,0,0,0,0,1
50.0,38.3,13,1,93,15,95,73,0,0,1,0,0
50.0,38.3,9,1,97,14,104,69,0,0,1,0,0
50.0,39.4,19,1,95,16,118,72,1,0,0,0,0
50.0,38.0,13,1,95,16,136,81,1,0,0,0,0
50.0,38.5,18,1,95,14,134,63,0,0,0,0,0
50.0,38.1,7,1,90,18,94,70,0,0,0,0,0
50.0,39.7,16,1,97,12,103,74,0,0,0,0,0
50.0,40.8,3,1,93,15,91,74,0,0,0,1,0
50.0,39.8,14,1,94,14,112,89,1,0,0,0,0
50.0,38.8,13,1,96,19,133,83,0,0,1,0,0
50.0,38.8,5,1,97,16,135,61,0,0,0,0,0
50.0,39.7,1,1,97,19,108,70,0,0,0,1,0
50.0,40.0,14,1,99,15,113,61,1,0,0,0,0
50.0,39.0,9,1,91,18,109,82,0,0,0,0,1
50.0,39.7,9,1,92,15,136,88,0,0,0,0,0
50.0,38.6,9,1,95,19,116,64,0,1,0,0,0
50.0,38.9,7,1,88,19,113,72,0,0,0,1,0
50.0,39.1,14,1,99,12,106,60,0,1,0,0,0
50.0,37.8,4,1,93,16,114,66,0,0,0,0,0
50.0,38.4,6,1,91,13,135,66,0,0,0,1,0
50.0,39.4,5,1,92,12,120,69,0,0,1,0,0
50.0,38.6,6,1,98,12,117,65,0,0,1,0,0
50.0,39.9,4,1,92,13,139,79,0,0,0,0,1
50.0,38.7,19,1,89,13,117,71,0,0,0,0,0
50.0,38.2,10,1,95,18,111,72,0,0,0,1,0
50.0,40.1,6,1,89,18,94,83,1,0,0,0,0
50.0,38.3,18,1,91,12,133,87,0,0,1,0,0
50.0,39.4,15,1,99,15,131,70,0,0,0,0,1
50.0,40.0,19,1,92,14,97,77,0,0,0,0,0
50.0,38.8,7,1,88,14,127,61,0,1,0,0,0
50.0,39.4,18,1,93,12,117,75,0,0,0,1,0
50.0,39.7,0,1,89,15,136,61,1,0,0,0,0
50.0,39.3,2,1,92,13,101,78,0,0,0,0,0
50.0,39.6,11,1,93,17,114,65,0,0,0,0,1
50.0,38.9,10,1,98,12,127,60,1,0,0,0,0
50.0,38.0,8,1,95,16,133,70,0,1,0,0,0
50.0,39.9,0,1,96,15,104,77,0,0,0,0,0
50.0,40.0,5,1,99,16,133,69,0,1,0,0,0
50.0,40.1,18,1,93,16,130,77,0,0,0,0,0
50.0,38.3,4,1,92,12,123,89,0,0,0,0,1
50.0,37.5,7,1,99,15,134,87,0,0,0,0,0
50.0,38.2,2,1,91,16,102,60,0,0,0,1,0
50.0,38.9,14,1,89,18,97,78,1,0,0,0,0
50.0,38.5,1,1,89,19,102,75,0,0,0,0,1
50.2,38.8,15,1,94,18,125,85,0,1,0,0,0
50.0,40.1,5,1,92,15,95,66,0,0,0,1,0
50.0,38.9,4,1,94,14,127,74,0,0,0,0,1
50.0,40.0,16,1,98,19,121,88,0,0,1,0,0
50.0,39.1,13,1,88,17,110,60,0,0,0,1,0
50.0,38.4,16,1,88,16,133,82,1,0,0,0,0
50.0,38.3,4,1,92,16,133,80,0,0,1,0,0
50.0,39.1,0,1,89,15,138,68,0,0,0,1,0
50.0,40.7,14,1,95,18,96,61,1,0,0,0,0
50.0,38.1,10,1,90,17,115,76,1,0,0,0,0
50.0,39.8,16,1,88,14,104,84,0,0,0,1,0
50.0,39.2,6,1,89,16,138,83,0,1,0,0,0
50.0,40.2,13,1,97,12,131,69,0,0,1,0,0
50.0,38.7,3,1,97,18,112,65,0,0,1,0,0
50.0,38.7,12,1,94,15,127,64,1,0,0,0,0
50.0,38.8,15,1,93,15,130,67,0,0,0,0,0
50.0,39.9,10,1,99,18,104,67,1,0,0,0,0
50.0,39.3,15,1,95,16,137,89,0,0,1,0,0
50.0,38.6,8,1,94,14,129,64,1,0,0,0,0
50.0,39.1,3,1,97,16,105,71,0,0,1,0,0
50.0,39.3,11,1,95,18,121,66,0,1,0,0,0
50.0,37.3,14,1,90,19,126,72,0,0,0,0,1
50.0,37.8,0,1,93,13,107,72,1,0,0,0,0
50.0,38.1,7,1,94,16,109,76,0,0,0,0,1
50.0,39.9,12,1,97,17,135,63,0,1,0,0,0
50.0,39.4,18,1,98,19,91,77,1,0,0,0,0
50.0,38.4,6,1,88,18,112,69,0,0,0,0,1
50.0,39.2,6,1,88,19,119,62,0,0,1,0,0
50.0,39.0,17,1,94,17,92,71,0,0,1,0,0
50.0,39.9,0,1,98,19,135,60,1,0,0,0,0
50.0,39.6,11,1,90,19,128,86,0,0,0,0,1
50.0,38.9,17,1,90,18,136,70,0,0,1,0,0
50.0,39.6,16,1,92,13,138,77,0,0,0,0,0
50.0,38.1,8,1,98,17,90,72,1,0,0,0,0
50.0,38.2,11,1,93,17,130,76,0,0,0,1,0
50.0,38.7,15,1,89,12,111,67,1,0,0,0,0
50.0,38.5,17,1,90,15,118,79,1,0,0,0,0
50.0,39.7,4,1,93,17,103,78,0,0,0,0,1
50.0,37.8,7,1,90,15,137,76,0,0,1,0,0
50.0,40.1,10,1,92,18,117,61,0,0,0,1,0
50.0,39.5,11,1,96,14,110,62,0,1,0,0,0
50.0,40.1,8,1,99,16,134,62,0,1,0,0,0
50.0,39.8,15,1,90,12,121,65,0,0,0,0,1
50.0,38.3,19,1,99,18,95,69,0,0,0,0,0
50.0,39.6,6,1,98,13,90,83,0,0,1,0,0
50.0,37.8,11,1,93,14,110,81,0,0,1,0,0
50.0,38.6,6,1,98,19,93,77,0,1,0,0,0
50.0,39.0,6,1,92,12,92,77,0,0,1,0,0
50.0,38.6,2,1,92,12,138,73,0,0,0,0,1
50.0,38.1,11,1,98,18,119,75,0,0,0,1,0
50.0,38.4,9,1,93,13,120,66,0,0,0,0,0
50.0,39.6,16,1,93,13,123,60,0,0,0,0,0
50.0,39.3,9,1,88,15,108,76,0,1,0,0,0
50.0,39.0,7,1,98,16,109,82,0,1,0,0,0
50.0,39.6,11,1,96,18,112,84,0,1,0,0,0
50.0,38.7,18,1,92,14,129,64,0,0,0,0,0
50.0,40.8,5,1,88,16,114,86,0,0,0,0,1
50.0,38.9,6,1,95,14,104,60,0,0,0,0,1
50.0,39.4,11,1,94,12,127,80,0,0,0,0,0
50.0,38.0,3,1,94,17,112,86,0,0,0,0,0
50.0,38.7,19,1,92,17,91,76,0,0,0,0,1
50.0,38.5,0,1,88,18,104,69,0,0,0,0,0
50.0,39.4,10,1,96,13,133,71,0,0,0,0,0
50.0,38.1,12,1,98,13,124,84,0,0,0,0,0
50.0,39.7,9,1,96,19,99,79,0,0,0,0,1
50.0,39.2,1,1,95,12,103,84,0,1,0,0,0
50.0,38.8,12,1,92,12,116,61,1,0,0,0,0
50.0,38.5,1,1,90,14,103,82,0,0,0,0,1
50.0,38.5,4,1,95,12,124,75,0,0,0,0,0
50.0,39.7,1,1,88,19,122,74,0,1,0,0,0
50.0,38.7,10,1,90,18,90,87,0,1,0,0,0
50.0,39.6,10,1,99,14,123,72,1,0,0,0,0
50.0,38.2,18,1,98,16,108,77,0,0,0,0,0
50.0,39.0,6,1,94,13,113,87,0,0,0,0,0
50.0,39.3,0,1,91,13,131,79,0,1,0,0,0
50.0,39.6,10,1,94,17,93,81,1,0,0,0,0
50.0,38.4,12,1,99,17,125,73,0,1,0,0,0
50.0,38.3,8,1,98,19,102,77,0,0,0,1,0
50.0,38.4,13,1,92,18,121,61,0,0,0,1,0
50.0,39.2,1,1,93,13,98,61,0,0,0,1,0
50.0,39.7,4,1,94,19,128,62,0,0,0,1,0
50.0,38.9,4,1,97,18,105,64,0,1,0,0,0
50.3,39.0,6,1,99,16,139,84,0,0,0,0,1
50.0,39.2,15,1,94,16,92,75,0,0,1,0,0
50.0,38.7,7,1,94,15,109,81,0,0,0,0,0
50.0,38.7,17,1,94,14,99,74,0,0,0,0,1
50.0,39.1,16,1,98,17,111,71,0,0,0,0,1
56.5,36.2,106,0,90,18,138,89,0,0,0,0,1
56.0,37.2,127,0,99,15,118,70,0,0,0,0,1
50.0,37.6,43,0,97,13,132,87,0,0,0,1,0
50.0,35.7,0,1,93,12,95,77,0,0,1,0,0
50.0,37.2,47,0,93,17,124,69,0,0,0,1,0
50.0,37.6,0,0,93,14,101,69,1,0,0,0,0
50.0,36.3,0,0,89,12,113,68,0,0,1,0,0
52.3,37.5,89,0,90,14,120,65,0,0,0,0,1
50.0,36.7,0,0,89,13,130,83,0,0,1,0,0
50.0,36.3,0,0,97,16,100,60,1,0,0,0,0
50.0,37.3,30,0,95,15,101,81,0,0,0,1,0
50.0,36.4,80,0,91,16,100,83,0,0,0,0,1
60.7,36.0,215,1,88,12,100,78,0,1,0,0,0
50.0,37.1,0,0,97,17,128,69,1,0,0,0,0
52.8,36.2,89,0,97,17,121,69,0,0,0,0,1
50.0,37.0,0,0,95,18,96,79,1,0,0,0,0
50.0,36.5,0,0,92,14,125,87,0,0,1,0,0
50.0,35.8,31,0,89,15,131,70,0,0,0,1,0
50.0,36.3,86,0,88,14,126,66,0,0,0,0,1
57.5,36.6,116,0,93,17,97,88,0,0,0,0,1
50.0,36.7,33,0,95,15,126,63,0,0,0,1,0
67.9,37.3,237,0,97,14,98,87,0,1,0,0,0
57.7,36.7,144,0,99,18,104,62,0,0,0,0,1
56.5,37.3,140,0,94,19,112,71,0,0,0,0,0
51.4,36.5,113,0,90,15,95,64,0,0,0,0,1
50.0,36.5,0,0,91,15,104,67,0,0,1,0,0
50.0,36.7,0,0,99,19,129,65,0,0,1,0,0
55.1,35.8,108,0,89,12,128,80,0,0,0,0,1
50.0,35.9,0,0,99,17,137,60,1,0,0,0,0
54.6,37.0,159,0,88,16,90,64,0,1,0,0,0
50.0,36.4,0,0,97,19,124,88,0,0,1,0,0
50.0,36.6,0,0,98,13,94,65,1,0,0,0,0
55.9,36.8,127,0,88,15,125,81,0,0,0,0,1
59.2,36.5,158,0,99,13,123,70,0,1,0,0,0
63.7,36.4,225,0,89,16,104,80,0,1,0,0,0
50.0,37.0,87,0,89,14,136,65,0,0,0,0,1
50.0,36.0,0,0,97,18,137,66,1,0,0,0,0
50.0,35.6,0,0,98,19,119,84,1,0,0,0,0
50.0,36.0,0,0,97,13,130,63,0,0,1,0,0
51.3,37.4,126,0,89,19,98,87,0,0,0,0,1
63.0,36.3,197,0,98,12,137,61,0,0,0,0,0
50.0,36.7,10,0,96,13,93,62,0,0,0,1,0
57.5,37.8,128,0,91,18,103,61,0,0,0,0,0
61.8,36.6,191,0,96,18,108,67,0,1,0,0,0
53.1,37.4,108,0,92,15,126,70,0,0,0,0,0
58.3,37.0,146,0,91,19,93,86,0,0,0,0,0
51.7,36.0,123,0,91,15,93,70,0,0,0,0,1
53.8,37.6,83,0,97,17,131,72,0,0,0,0,1
56.2,36.2,137,0,93,16,98,60,0,0,0,0,1
50.0,36.6,0,0,95,17,102,89,1,0,0,0,0
54.1,36.9,82,0,98,16,138,89,0,0,0,0,1
56.3,36.6,132,0,98,15,104,77,0,0,0,0,0
50.0,36.2,0,0,96,15,113,84,1,0,0,0,0
53.8,36.6,119,0,95,12,135,68,0,0,0,0,0
55.5,37.2,107,0,93,19,134,79,0,0,0,0,0
50.0,36.7,12,0,93,17,103,63,0,0,0,1,0
50.0,36.2,0,0,96,14,100,76,0,0,1,0,0
55.5,35.6,136,0,92,18,101,89,0,0,0,0,1
50.0,36.9,0,0,96,16,117,86,1,0,0,0,0
50.0,36.1,0,0,91,12,107,78,1,0,0,0,0
62.9,36.3,193,0,95,15,130,69,0,1,0,0,0
50.0,37.5,0,0,99,19,126,79,0,0,1,0,0
53.8,36.5,149,0,90,15,121,76,0,0,0,0,0
67.5,37.4,230,0,92,16,130,62,0,1,0,0,0
55.3,35.8,132,0,88,13,114,75,0,0,0,0,0
50.0,35.1,0,0,95,18,104,78,1,0,0,0,0
50.0,36.8,38,0,88,15,121,60,0,0,0,1,0
62.5,36.7,181,0,99,13,108,83,0,1,0,0,0
59.2,35.8,190,0,91,19,117,60,0,1,0,0,0
58.1,36.8,159,0,89,18,127,66,0,1,0,0,0
50.0,36.8,16,0,97,12,99,69,0,0,0,1,0
53.7,36.9,118,0,94,14,139,70,0,0,0,0,1
59.8,36.9,158,0,95,15,111,83,0,1,0,0,0
52.1,36.4,121,0,94,13,115,67,0,0,0,0,0
50.0,37.5,0,0,96,16,92,62,0,0,1,0,0
50.0,36.8,43,0,96,14,104,83,0,0,0,1,0
62.5,36.6,201,0,99,18,110,81,0,1,0,0,0
59.1,36.0,143,0,98,17,104,65,0,0,0,0,1
50.0,37.2,0,0,94,14,98,86,0,0,1,0,0
52.2,36.3,112,1,90,14,110,86,0,0,0,0,0
50.0,36.4,0,0,91,13,114,62,1,0,0,0,0
50.0,37.7,0,0,97,19,124,86,1,0,0,0,0
61.9,37.1,217,0,90,18,97,65,0,1,0,0,0
62.7,37.1,189,0,97,17,103,76,0,0,0,0,0
50.0,35.3,43,1,96,18,137,72,0,0,0,1,0
58.0,36.5,140,0,98,14,94,84,0,0,0,0,0
59.1,36.5,172,0,88,17,107,70,0,0,0,0,0
55.8,36.3,112,0,98,18,117,87,0,0,0,0,1
50.0,36.3,23,0,94,15,139,83,0,0,0,1,0
63.8,37.0,212,1,88,19,93,88,0,1,0,0,0
59.0,36.0,189,0,96,14,100,65,0,0,0,0,0
55.5,37.5,149,0,93,16,136,86,0,0,0,0,1
62.7,37.2,185,0,94,13,137,69,0,1,0,0,0
50.0,36.6,0,0,88,12,136,60,1,0,0,0,0
50.0,36.7,0,0,88,18,90,71,0,0,1,0,0
58.4,37.2,164,0,88,19,131,69,0,0,0,0,0
63.7,36.7,199,0,95,12,135,63,0,1,0,0,0
50.0,36.1,29,0,89,14,132,84,0,0,0,1,0
50.0,36.7,0,0,89,12,113,83,0,0,1,0,0
50.0,37.0,0,0,90,14,111,69,0,0,1,0,0
61.0,36.9,181,0,97,19,96,63,0,1,0,0,0
50.0,36.0,0,0,91,15,106,72,0,0,1,0,0
52.1,36.5,126,0,88,14,93,75,0,0,0,0,0
53.9,35.9,118,0,97,17,117,60,0,0,0,0,0
61.4,36.1,187,0,98,16,105,75,0,1,0,0,0
50.0,36.5,0,0,96,12,128,83,0,0,1,0,0
50.0,36.0,49,0,93,13,112,61,0,0,0,1,0
63.3,36.3,182,0,98,12,96,88,0,1,0,0,0
55.8,36.8,132,0,98,13,95,70,0,0,0,0,1
50.0,37.4,0,0,94,17,94,70,1,0,0,0,0
50.0,36.1,0,0,97,15,134,71,0,0,1,0,0
50.0,38.5,12,1,88,15,121,69,0,0,0,1,0
61.7,36.0,202,0,88,15,92,69,0,1,0,0,0
50.0,36.6,0,0,90,19,120,86,0,0,1,0,0
50.0,36.6,45,0,97,13,93,76,0,0,0,1,0
66.3,36.8,171,0,94,16,130,82,0,1,0,0,0
50.0,36.3,47,0,95,14,130,88,0,0,0,1,0
50.0,36.9,28,0,88,17,103,76,0,0,0,1,0
51.9,37.2,91,0,94,12,122,88,0,0,0,0,1
61.4,36.8,149,0,96,19,135,60,0,0,0,0,1
57.7,36.6,138,0,90,18,134,72,0,0,0,0,1
56.3,36.7,148,0,95,18,111,72,0,0,0,0,1
50.0,36.4,42,0,92,12,117,88,0,0,0,1,0
51.5,36.3,131,0,88,12,94,65,0,0,0,0,1
50.0,37.1,0,0,88,19,109,75,0,0,1,0,0
65.9,36.2,239,0,91,13,101,60,0,1,0,0,0
50.0,36.4,0,0,89,17,92,61,0,0,1,0,0
50.0,37.2,0,0,94,19,110,78,1,0,0,0,0
62.2,36.7,184,0,91,19,131,64,0,0,0,0,0
50.0,35.9,0,0,90,17,109,69,0,0,1,0,0
50.0,36.3,0,0,97,19,125,67,1,0,0,0,0
55.7,37.1,126,0,93,19,115,83,0,0,0,0,0
54.5,36.3,112,0,98,19,97,84,0,0,0,0,1
66.2,36.9,235,0,91,15,103,60,0,1,0,0,0
50.0,36.3,0,0,98,15,122,75,0,0,1,0,0
50.0,35.9,0,0,96,14,106,71,1,0,0,0,0
57.4,37.0,150,0,96,18,94,86,0,1,0,0,0
50.0,36.4,0,0,93,16,97,62,0,0,1,0,0
59.9,36.3,132,0,96,18,105,75,0,0,0,0,0
50.0,37.2,0,0,98,16,137,84,1,0,0,0,0
50.0,36.0,21,0,88,16,116,84,0,0,0,1,0
50.0,36.4,0,0,90,12,111,77,0,0,1,0,0
62.0,36.6,190,0,88,19,123,73,0,0,0,0,0
50.0,36.2,0,0,94,17,139,72,1,0,0,0,0
53.3,36.1,128,1,95,13,111,70,0,0,0,0,1
53.3,36.4,87,0,99,15,102,88,0,0,0,0,1
64.6,37.1,230,0,93,12,108,75,0,1,0,0,0
56.0,36.9,115,0,95,14,107,83,0,0,0,0,0
50.0,37.5,0,0,94,19,92,62,1,0,0,0,0
61.9,36.9,164,0,94,13,100,70,0,1,0,0,0
62.4,37.4,191,0,90,14,125,70,0,0,0,0,0
50.0,37.1,45,0,88,15,102,60,0,0,0,1,0
50.0,37.1,0,0,90,18,120,68,0,0,1,0,0
56.5,37.3,139,0,92,18,116,65,0,0,0,0,1
50.0,36.8,0,0,93,19,118,61,1,0,0,0,0
55.3,36.7,117,0,88,18,132,87,0,0,0,0,1
63.8,35.9,189,0,99,19,103,83,0,0,0,0,0
50.0,36.1,41,0,89,12,91,84,0,0,0,1,0
50.0,36.3,0,0,91,12,117,65,0,0,1,0,0
59.2,37.2,145,0,96,16,107,65,0,0,0,0,0
50.0,36.9,0,0,88,13,121,81,1,0,0,0,0
50.0,36.1,0,0,93,16,111,60,1,0,0,0,0
50.0,36.1,0,0,97,13,95,67,0,0,1,0,0
61.8,36.1,193,0,94,17,112,78,0,1,0,0,0
60.0,37.4,139,0,98,15,130,62,0,0,0,0,1
64.4,37.8,219,0,88,19,113,64,0,1,0,0,0
50.0,36.1,37,0,89,15,116,62,0,0,0,1,0
64.1,37.3,196,0,95,18,126,86,0,0,0,0,0
50.0,35.7,0,0,97,17,124,89,1,0,0,0,0
50.0,37.1,0,0,96,19,121,79,1,0,0,0,0
50.0,37.7,0,0,96,17,124,85,0,0,1,0,0
61.1,36.9,192,0,90,17,105,77,0,1,0,0,0
61.1,36.1,189,0,89,13,137,82,0,1,0,0,0
57.9,37.1,135,1,99,19,133,69,0,0,0,0,1
50.0,37.4,12,0,88,13,104,73,0,0,0,1,0
51.2,36.9,83,1,98,13,106,83,0,0,0,0,1
64.4,36.6,178,0,92,19,137,76,0,0,0,0,0
50.0,38.1,0,0,99,18,127,68,1,0,0,0,0
50.0,35.8,32,0,99,12,118,83,0,0,0,1,0
50.0,35.9,47,0,98,14,104,60,0,0,0,1,0
66.6,36.3,244,0,94,14,106,63,0,1,0,0,0
50.9,36.9,80,0,91,17,125,64,0,0,0,0,1
60.1,35.9,182,0,93,18,105,83,0,1,0,0,0
50.0,37.2,0,0,88,19,133,72,0,0,1,0,0
50.0,36.6,0,1,95,17,92,65,1,0,0,0,0
68.1,36.9,244,0,98,13,96,63,0,1,0,0,0
61.1,37.0,193,0,90,14,132,66,0,0,0,0,0
64.6,36.8,226,0,90,14,116,67,0,1,0,0,0
50.0,35.7,0,0,96,17,111,80,1,0,0,0,0
56.1,36.6,151,0,89,14,105,78,0,1,0,0,0
50.0,37.2,0,0,88,13,112,83,0,0,1,0,0
50.0,36.2,0,0,98,13,103,63,1,0,0,0,0
60.4,36.1,145,0,99,16,131,69,0,0,0,0,1
50.0,37.0,0,0,96,15,135,61,0,0,1,0,0
58.5,35.9,142,0,95,18,127,69,0,0,0,0,1
62.7,37.4,163,1,90,15,122,89,0,0,0,0,0
50.0,36.6,0,0,99,12,95,67,0,0,1,0,0
50.0,36.6,0,1,98,16,126,83,0,0,1,0,0
50.0,36.4,0,0,94,12,111,85,1,0,0,0,0
50.0,37.0,32,0,98,12,98,77,0,0,0,1,0
57.4,36.6,130,0,97,19,93,81,0,0,0,0,1
60.4,37.2,174,0,90,15,99,88,0,0,0,0,0
50.0,37.1,0,0,99,18,99,78,1,0,0,0,0
50.0,36.4,0,0,97,19,132,69,0,0,1,0,0
58.1,35.7,145,0,93,12,137,77,0,0,0,0,1
60.3,36.6,167,0,98,13,125,78,0,0,0,0,0
59.9,37.0,168,0,92,14,93,88,0,0,0,0,0
58.5,37.4,101,0,97,16,131,88,0,0,0,0,1
66.5,36.9,212,0,98,14,139,88,0,1,0,0,0
50.0,36.6,0,0,97,13,125,65,1,0,0,0,0
50.0,37.1,40,0,88,12,106,74,0,0,0,1,0
50.0,37.6,0,0,90,16,90,63,1,0,0,0,0
50.0,36.7,0,0,95,12,132,80,0,0,1,0,0
50.0,37.4,0,0,92,13,101,60,0,0,1,0,0
50.0,36.7,15,0,88,13,126,77,0,0,0,1,0
50.0,37.1,0,0,98,19,95,86,0,0,1,0,0
58.9,36.6,162,1,89,18,99,79,0,0,0,0,0
57.3,36.2,136,0,99,15,106,75,0,0,0,0,0
58.9,36.9,141,0,94,16,124,74,0,0,0,0,0
64.3,36.4,208,0,98,17,104,83,0,1,0,0,0
53.5,35.7,111,0,91,17,107,62,0,0,0,0,1
58.1,36.9,165,0,93,18,94,62,0,0,0,0,0
50.0,36.6,0,0,99,17,107,85,0,0,1,0,0
50.0,36.8,49,0,88,19,96,84,0,0,0,1,0
50.0,37.0,19,0,94,15,109,64,0,0,0,1,0
66.7,36.4,227,0,97,16,98,63,0,1,0,0,0
61.2,36.9,187,0,94,19,108,66,0,0,0,0,0
50.0,36.2,0,0,99,18,110,69,1,0,0,0,0
58.0,36.5,148,0,95,17,91,77,0,0,0,0,1
50.0,36.8,0,0,92,15,90,71,1,0,0,0,0
53.4,36.4,110,0,97,16,107,62,0,0,0,0,1
51.4,36.2,82,0,97,15,116,79,0,0,0,0,1
50.0,36.6,30,0,91,19,128,74,0,0,0,1,0
50.0,36.0,0,0,95,19,100,76,1,0,0,0,0
50.0,37.4,0,0,94,13,122,75,1,0,0,0,0
50.0,37.6,0,0,99,16,103,75,0,0,1,0,0
50.5,36.7,91,0,93,14,114,84,0,0,0,0,1
57.6,37.3,179,0,92,16,93,61,0,0,0,0,0
50.0,37.4,0,0,91,18,119,84,0,0,1,0,0
61.5,36.6,141,0,98,19,124,66,0,0,0,0,0
50.0,37.1,40,0,99,17,133,87,0,0,0,1,0
50.0,35.8,0,0,95,14,108,63,1,0,0,0,0
56.7,36.8,123,0,92,17,131,82,0,0,0,0,0
50.0,36.4,0,0,92,16,107,82,0,0,1,0,0
50.0,35.6,32,0,98,15,115,79,0,0,0,1,0
50.0,36.9,0,0,92,15,103,87,0,0,1,0,0
50.0,36.3,0,0,88,16,100,80,0,0,1,0,0
50.0,36.5,0,0,99,17,134,62,0,0,1,0,0
61.6,36.7,176,0,96,13,133,73,0,1,0,0,0
59.8,36.6,163,0,88,19,107,66,0,1,0,0,0
50.0,36.4,44,0,95,12,105,67,0,0,0,1,0
59.7,37.6,139,0,98,16,119,80,0,0,0,0,0
50.0,36.9,27,0,99,15,134,67,0,0,0,1,0
54.9,36.8,146,0,93,16,102,87,0,0,0,0,0
50.0,35.8,46,0,96,17,101,63,0,0,0,1,0
55.8,36.3,126,0,91,13,93,83,0,0,0,0,0
50.0,36.8,38,0,98,14,95,88,0,0,0,1,0
62.0,37.2,171,0,92,14,139,70,0,1,0,0,0
50.0,36.1,0,0,90,15,104,64,1,0,0,0,0
50.0,37.3,0,0,92,17,96,85,0,0,1,0,0
53.9,36.7,83,0,95,12,128,74,0,0,0,0,1
64.9,36.5,192,0,96,13,136,87,0,1,0,0,0
50.0,36.7,0,0,95,14,129,66,1,0,0,0,0
52.5,37.2,117,0,94,15,118,71,0,0,0,0,1
59.7,36.6,170,0,97,15,105,74,0,1,0,0,0
54.5,36.9,126,0,96,16,98,80,0,0,0,0,0
55.6,36.7,86,0,92,14,130,87,0,0,0,0,1
50.0,37.2,0,0,93,14,107,71,0,0,1,0,0
50.0,36.2,40,0,88,12,112,61,0,0,0,1,0
50.0,36.4,0,0,90,15,92,65,0,0,1,0,0
54.7,37.5,136,0,96,12,90,62,0,0,0,0,0
55.6,37.2,105,0,94,17,99,67,0,0,0,0,1
53.9,37.9,135,0,92,16,90,61,0,0,0,0,1
61.6,36.6,171,0,99,13,116,88,0,0,0,0,0
55.5,36.3,139,0,90,13,123,88,0,0,0,0,1
60.3,36.8,175,0,93,18,131,81,0,1,0,0,0
54.3,36.7,114,0,98,18,100,74,0,0,0,0,1
50.0,36.5,0,0,95,16,137,66,1,0,0,0,0
60.7,36.2,193,0,89,13,114,88,0,1,0,0,0
54.3,37.0,143,0,89,14,108,65,0,0,0,0,1
50.0,36.7,0,0,93,16,104,82,1,0,0,0,0
50.0,36.4,0,0,97,18,93,82,1,0,0,0,0
61.4,38.0,186,0,98,14,137,74,0,0,0,0,0
50.0,36.7,28,0,91,17,111,82,0,0,0,1,0
61.4,37.0,196,0,89,14,117,69,0,0,0,0,0
59.2,37.9,171,0,99,14,106,87,0,0,0,0,0
62.6,36.4,185,0,98,19,104,81,0,0,0,0,0
55.7,37.2,119,0,97,19,124,69,0,0,0,0,1
50.0,36.7,0,0,95,16,91,71,0,0,1,0,0
56.0,37.3,109,0,90,12,138,79,0,0,0,0,1
64.5,36.0,240,0,95,19,109,67,0,1,0,0,0
57.1,36.3,142,0,92,18,117,62,0,0,0,0,0
50.0,36.7,12,1,92,14,136,78,0,0,0,1,0
55.6,36.4,123,0,99,14,99,62,0,0,0,0,1
58.8,37.4,146,0,92,17,117,84,0,0,0,0,0
50.0,36.4,46,0,92,17,98,76,0,0,0,1,0
50.0,36.3,0,0,92,19,115,64,1,0,0,0,0
50.0,36.3,39,0,91,15,115,80,0,0,0,1,0
69.3,36.2,244,0,97,16,105,76,0,1,0,0,0
50.0,38.0,0,0,89,12,118,88,0,0,1,0,0
50.0,36.6,29,0,93,17,94,68,0,0,0,1,0
50.0,35.9,0,0,94,14,103,73,1,0,0,0,0
55.7,37.3,131,0,94,16,113,81,0,0,0,0,0
57.6,37.2,133,0,98,19,134,88,0,0,0,0,1
50.0,36.8,36,0,93,17,107,72,0,0,0,1,0
55.0,37.3,143,0,89,15,119,88,0,0,0,0,1
50.0,36.7,46,0,88,17,102,82,0,0,0,1,0
50.0,36.0,23,0,95,18,126,78,0,0,0,1,0
50.0,37.7,0,0,92,18,97,62,0,0,1,0,0
50.0,37.3,0,0,94,14,100,86,1,0,0,0,0
67.6,36.9,246,0,99,13,127,65,0,1,0,0,0
52.0,36.5,94,0,89,14,120,83,0,0,0,0,1
50.0,37.1,0,0,98,15,109,77,0,0,1,0,0
50.0,35.8,0,0,95,15,130,65,0,0,1,0,0
50.0,36.0,49,0,88,12,121,71,0,0,0,1,0
50.0,36.5,40,0,98,16,114,75,0,0,0,1,0
50.0,37.3,45,0,94,13,95,65,0,0,0,1,0
62.2,36.8,210,0,88,13,133,74,0,1,0,0,0
66.8,37.2,236,0,92,18,102,87,0,1,0,0,0
59.9,36.5,186,0,89,18,127,64,0,0,0,0,0
50.0,37.3,0,0,93,15,104,86,0,0,1,0,0
50.0,36.0,0,0,96,18,137,65,0,0,1,0,0
54.9,35.9,109,0,96,15,125,87,0,0,0,0,1
58.5,37.0,157,0,96,19,105,69,0,1,0,0,0
61.1,35.9,193,0,90,12,118,78,0,1,0,0,0
50.0,37.4,0,0,92,16,134,76,1,0,0,0,0
56.8,36.7,140,0,88,19,138,84,0,0,0,0,1
64.1,37.1,186,0,93,19,103,76,0,0,0,0,0
61.8,36.1,186,0,91,14,131,86,0,0,0,0,0
57.9,37.1,147,0,94,13,115,85,0,0,0,0,1
56.9,36.5,129,0,99,13,90,89,0,0,0,0,1
52.8,36.7,100,0,99,12,92,81,0,0,0,0,1
56.0,35.3,107,0,94,14,139,81,0,0,0,0,0
50.0,37.1,0,0,93,18,135,82,1,0,0,0,0
50.0,36.4,0,0,99,18,98,61,1,0,0,0,0
50.0,37.4,0,0,90,19,113,66,0,0,1,0,0
65.0,37.0,236,0,88,18,134,64,0,1,0,0,0
50.0,37.1,0,0,95,19,107,80,1,0,0,0,0
50.0,37.2,0,0,91,13,95,87,0,0,1,0,0
54.0,36.8,118,0,89,19,106,72,0,0,0,0,1
50.0,36.6,0,0,94,18,92,75,1,0,0,0,0
53.1,35.3,106,0,98,19,133,74,0,0,0,0,1
60.4,36.0,194,0,93,16,100,69,0,1,0,0,0
50.0,35.7,26,0,91,16,112,73,0,0,0,1,0
59.6,36.8,147,0,98,13,129,87,0,0,0,0,0
50.0,37.4,0,0,93,14,129,89,0,0,1,0,0
56.5,36.4,113,0,91,16,133,70,0,0,0,0,1
59.3,37.0,186,0,93,13,103,78,0,1,0,0,0
50.0,36.7,10,0,92,15,96,73,0,0,0,1,0
50.0,35.9,0,0,92,15,92,64,0,0,1,0,0
50.0,37.0,0,0,96,18,130,81,0,0,1,0,0
50.0,36.8,22,0,92,12,102,60,0,0,0,1,0
55.9,36.6,142,0,96,17,95,86,0,0,0,0,1
63.2,37.3,201,0,88,13,120,74,0,1,0,0,0
50.0,36.4,28,0,90,15,94,69,0,0,0,1,0
65.0,37.9,198,0,98,19,127,83,0,0,0,0,0
60.1,37.1,153,0,98,15,100,65,0,0,0,0,0
54.3,37.9,120,0,91,15,112,75,0,0,0,0,1
60.6,36.3,169,0,99,14,110,71,0,1,0,0,0
50.0,37.4,0,0,99,16,135,77,0,0,1,0,0
58.7,35.2,163,0,95,15,112,74,0,1,0,0,0
50.0,36.4,29,0,93,14,116,84,0,0,0,1,0
50.0,36.6,0,0,95,19,106,78,0,0,1,0,0
50.0,36.2,0,0,89,13,97,64,0,0,1,0,0
50.0,36.1,26,0,91,17,105,88,0,0,0,1,0
50.0,37.5,45,0,91,15,131,63,0,0,0,1,0
54.9,38.2,112,0,93,12,94,88,0,0,0,0,1
61.8,37.1,175,0,88,15,122,80,0,0,0,0,0
50.0,36.4,11,0,99,17,106,66,0,0,0,1,0
50.0,36.6,0,0,98,12,114,69,1,0,0,0,0
54.8,36.6,142,0,91,13,116,81,0,0,0,0,1
50.0,38.0,82,1,93,14,96,77,0,0,0,0,1
61.0,36.6,182,0,96,16,94,88,0,1,0,0,0
50.0,37.0,0,1,98,12,98,83,1,0,0,0,0
50.0,37.0,20,0,97,19,90,85,0,0,0,1,0
50.0,36.9,31,0,95,13,138,69,0,0,0,1,0
56.6,36.8,159,0,89,18,91,73,0,0,0,0,0
63.3,36.2,188,0,99,19,104,85,0,1,0,0,0
52.1,36.3,126,0,94,18,90,66,0,0,0,0,0
59.4,37.5,179,0,97,13,96,80,0,0,0,0,0
50.0,37.5,0,0,96,17,116,81,0,0,1,0,0
50.0,37.0,0,0,97,14,116,62,1,0,0,0,0
50.0,36.6,0,0,90,13,105,89,0,0,1,0,0
60.5,36.6,170,0,95,18,123,76,0,0,0,0,0
56.2,37.1,137,0,89,15,128,70,0,0,0,0,1
59.1,36.5,144,0,92,15,137,87,0,0,0,0,0
50.0,36.3,32,0,91,16,136,71,0,0,0,1,0
50.0,37.0,45,0,95,19,111,81,0,0,0,1,0
50.0,36.4,0,0,98,12,122,77,0,0,1,0,0
50.0,36.6,13,0,97,15,138,68,0,0,0,1,0
53.8,37.1,95,1,94,15,127,70,0,0,0,0,1
50.0,36.4,18,0,89,16,136,62,0,0,0,1,0
52.7,36.5,95,0,91,19,136,64,0,0,0,0,1
51.1,36.8,85,0,93,13,132,66,0,0,0,0,1
60.3,36.3,180,0,93,18,96,73,0,0,0,0,0
50.0,36.8,40,0,98,16,137,77,0,0,0,1,0
50.0,36.1,0,0,88,17,131,72,1,0,0,0,0
50.0,36.9,0,0,99,16,101,71,0,0,1,0,0
54.4,36.5,113,0,90,14,137,60,0,0,0,0,1
50.3,36.2,88,0,90,15,121,66,0,0,0,0,1
61.4,35.7,186,0,97,13,101,67,0,0,0,0,0
54.5,36.5,126,0,89,13,119,89,0,0,0,0,1
50.0,37.1,0,0,91,19,138,71,0,0,1,0,0
57.7,36.1,141,0,97,13,125,67,0,0,0,0,1
50.0,36.6,0,1,97,14,110,75,1,0,0,0,0
56.8,36.4,142,0,89,13,113,86,0,0,0,0,0
52.0,37.3,105,0,88,17,134,82,0,0,0,0,0
56.5,36.4,161,0,95,14,102,71,0,0,0,0,0
50.0,37.4,0,0,89,15,128,85,0,0,1,0,0
53.3,36.8,127,0,88,13,106,64,0,0,0,0,0
54.0,35.9,102,0,90,14,103,75,0,0,0,0,0
50.0,36.4,46,0,89,18,91,70,0,0,0,1,0
50.0,36.3,0,0,95,13,124,83,0,0,1,0,0
62.7,36.4,189,0,99,18,95,61,0,1,0,0,0
50.0,37.9,0,0,95,15,135,75,1,0,0,0,0
50.0,37.1,0,0,97,14,91,65,0,0,1,0,0
68.0,37.2,237,0,97,16,133,86,0,1,0,0,0
50.0,36.6,0,0,90,17,134,78,0,0,1,0,0
50.0,35.8,36,0,94,15,139,82,0,0,0,1,0
52.8,35.8,119,0,90,13,115,77,0,0,0,0,0
50.0,36.4,0,0,92,13,92,78,1,0,0,0,0
50.0,36.5,10,0,95,18,122,66,0,0,0,1,0
62.7,36.7,225,0,89,17,98,76,0,1,0,0,0
50.0,37.1,30,0,90,15,96,63,0,0,0,1,0
61.4,37.2,149,0,95,17,94,85,0,0,0,0,0
52.4,37.1,105,0,99,15,101,70,0,0,0,0,0
50.0,36.5,85,0,94,14,126,68,0,0,0,0,1
50.0,37.1,0,0,99,15,120,84,0,0,1,0,0
53.5,36.1,101,0,97,15,92,63,0,0,0,0,0
57.2,37.4,116,0,96,12,98,86,0,0,0,0,0
50.0,36.6,29,0,94,14,97,77,0,0,0,1,0
50.0,36.9,40,0,89,19,103,66,0,0,0,1,0
50.0,36.1,0,0,96,15,116,67,1,0,0,0,0
59.9,35.9,166,0,89,19,134,68,0,1,0,0,0
50.8,37.0,45,0,88,17,98,89,0,0,0,1,0
50.0,36.9,83,0,96,13,124,82,0,0,0,0,1
50.0,36.2,0,0,98,19,131,64,1,0,0,0,0
63.4,36.7,189,0,97,15,104,88,0,0,0,0,0
61.8,36.7,178,0,97,15,105,60,0,1,0,0,0
54.2,37.3,104,1,92,15,135,72,0,0,0,0,0
63.5,36.4,179,0,97,17,131,80,0,0,0,0,0
50.0,37.3,37,0,94,12,111,85,0,0,0,1,0
57.5,37.1,117,0,95,18,134,82,0,0,0,0,1
50.0,37.0,0,0,96,16,103,64,1,0,0,0,0
66.1,36.3,232,0,93,13,102,82,0,1,0,0,0
54.4,37.0,132,0,89,17,106,67,0,0,0,0,0
60.7,37.0,150,0,97,18,128,75,0,0,0,0,0
64.4,36.7,210,0,95,13,116,87,0,1,0,0,0
58.6,36.5,137,0,99,12,102,88,0,0,0,0,1
50.0,36.8,0,0,92,13,121,65,0,0,1,0,0
50.0,37.0,0,0,96,13,123,73,0,0,1,0,0
50.0,36.6,0,0,92,12,129,60,1,0,0,0,0
50.0,37.6,0,0,91,15,122,60,1,0,0,0,0
61.7,37.2,186,0,97,17,114,72,0,0,0,0,0
50.6,36.9,91,0,91,16,109,74,0,0,0,0,1
50.0,37.0,0,0,99,13,91,84,0,0,1,0,0
50.0,36.7,0,0,98,13,99,88,1,0,0,0,0
60.8,37.1,151,0,89,12,116,65,0,0,0,0,0
58.3,36.5,160,0,89,14,99,70,0,0,0,0,0
60.2,38.2,170,0,89,14,123,80,0,0,0,0,0
63.5,36.8,183,0,99,17,128,76,0,0,0,0,0
50.0,36.9,0,0,96,14,119,76,0,0,1,0,0
64.4,36.9,210,0,91,13,126,75,0,1,0,0,0
50.0,36.3,18,0,93,12,108,71,0,0,0,1,0
50.0,36.9,0,0,98,18,100,83,1,0,0,0,0
50.0,36.8,0,0,98,19,128,67,1,0,0,0,0
50.0,36.9,11,0,88,13,117,78,0,0,0,1,0
50.0,37.1,0,0,95,17,106,71,0,0,1,0,0
56.2,36.4,134,1,99,14,93,84,0,0,0,0,0
60.7,37.8,154,0,91,19,125,61,0,1,0,0,0
50.0,36.9,0,0,99,18,139,67,1,0,0,0,0
50.0,36.5,0,0,91,16,109,61,0,0,1,0,0
61.1,37.0,185,0,91,13,116,66,0,0,0,0,0
50.0,37.3,0,0,96,15,104,83,0,0,1,0,0
50.0,36.5,27,0,91,14,106,75,0,0,0,1,0
55.8,37.4,118,0,98,17,122,69,0,0,0,0,1
60.9,36.2,171,0,94,12,109,81,0,0,0,0,0
50.0,36.2,0,0,89,12,135,76,1,0,0,0,0
54.8,36.7,117,1,98,19,110,67,0,0,0,0,0
60.3,37.6,151,0,94,17,132,74,0,1,0,0,0
59.0,36.8,163,0,89,19,130,82,0,0,0,0,0
54.6,36.6,120,0,95,15,135,83,0,0,0,0,1
59.4,36.5,157,0,99,16,118,79,0,1,0,0,0
54.1,36.7,111,0,95,12,93,80,0,0,0,0,1
50.0,36.7,0,0,99,16,105,87,0,0,1,0,0
61.2,36.0,172,0,91,16,128,77,0,0,0,0,0
50.0,37.0,0,0,89,19,97,81,0,0,1,0,0
50.0,35.4,0,0,93,17,104,78,0,0,1,0,0
50.0,36.5,0,0,97,15,106,66,1,0,0,0,0
56.4,37.5,134,0,96,12,102,77,0,0,0,0,0
63.9,36.6,184,0,90,18,139,78,0,0,0,0,0
60.7,36.9,140,0,98,19,128,74,0,0,0,0,0
50.0,37.1,0,0,94,13,119,72,0,0,1,0,0
61.6,35.0,187,0,89,18,112,69,0,1,0,0,0
53.0,36.9,87,0,96,12,139,72,0,0,0,0,1
66.3,36.5,201,0,95,14,136,86,0,1,0,0,0
50.0,36.9,0,0,94,15,131,88,0,0,1,0,0
54.2,37.4,118,0,96,18,98,79,0,0,0,0,0
50.0,36.6,18,0,89,18,119,81,0,0,0,1,0
51.3,36.9,115,0,88,14,95,79,0,0,0,0,0
